offer_id,buyer_id,MLS#,offer_amount,offer_date,offer_status
1,8310,8939,1062000,4/6/2024,pending
2,9951,8895,1782000,4/6/2024,pending
3,7817,8861,3402000,4/6/2024,pending
4,8779,8848,3739500,4/6/2024,pending
5,6716,8681,1354500,4/6/2024,pending
6,6510,8642,3492000,4/6/2024,pending
7,6379,8612,3424500,4/6/2024,pending
8,5306,8434,3402000,4/6/2024,pending
9,4897,8360,3424500,4/6/2024,pending
10,4617,8314,3964500,4/6/2024,pending
11,4321,8271,4437000,4/6/2024,pending
12,4142,8241,3807000,4/6/2024,pending
13,3665,8168,2659500,4/6/2024,pending
14,3557,8149,2817000,4/6/2024,pending
15,2910,8050,409500,4/6/2024,pending
16,7962,3906,1350,4/6/2024,pending
17,7961,3905,2700,4/6/2024,pending
18,7574,3835,3330,4/6/2024,pending
19,9910,3821,1440,4/6/2024,pending
20,7411,3816,450,4/6/2024,pending
21,8639,3775,810,4/6/2024,pending
22,7206,3769,2880,4/6/2024,pending
23,6561,3673,2250,4/6/2024,pending
24,6524,3664,4050,4/6/2024,pending
25,8840,3604,2070,4/6/2024,pending
26,9740,3583,3600,4/6/2024,pending
27,9122,3542,360,4/6/2024,pending
28,5552,3493,2790,4/6/2024,pending
29,5037,3414,1800,4/6/2024,pending
30,5017,3408,4500,4/6/2024,pending
31,4882,3389,2160,4/6/2024,pending
32,4675,3356,2430,4/6/2024,pending
33,9255,3342,1890,4/6/2024,pending
34,8616,3340,2700,4/6/2024,pending
35,4488,3333,1080,4/6/2024,pending
36,4397,3315,270,4/6/2024,pending
37,4386,3311,3780,4/6/2024,pending
38,4008,3237,3150,4/6/2024,pending
39,3720,3191,540,4/6/2024,pending
40,3618,3171,1080,4/6/2024,pending
41,2780,3028,180,4/6/2024,pending
42,2737,3020,4410,4/6/2024,pending
43,8648,8999,3064500,4/5/2024,pending
44,8465,8962,364500,4/5/2024,pending
45,8890,8897,1939500,4/5/2024,pending
46,9119,8864,994500,4/5/2024,pending
47,7598,8830,1017000,4/5/2024,pending
48,6211,8584,3514500,4/5/2024,pending
49,9944,8560,679500,4/5/2024,pending
50,5757,8518,3109500,4/5/2024,pending
51,5370,8445,1242000,4/5/2024,pending
52,9115,8429,3087000,4/5/2024,pending
53,5065,8396,1039500,4/5/2024,pending
54,9828,8295,297000,4/5/2024,pending
55,4143,8242,589500,4/5/2024,pending
56,4088,8235,3649500,4/5/2024,pending
57,9106,8182,2772000,4/5/2024,pending
58,3666,8169,2164500,4/5/2024,pending
59,3465,8130,1377000,4/5/2024,pending
60,3026,8065,657000,4/5/2024,pending
61,2902,8049,2907000,4/5/2024,pending
62,2631,8005,2254500,4/5/2024,pending
63,7814,3885,2790,4/5/2024,pending
64,7655,3853,1620,4/5/2024,pending
65,7478,3823,4230,4/5/2024,pending
66,7327,3800,990,4/5/2024,pending
67,9525,3793,3690,4/5/2024,pending
68,7007,3741,2070,4/5/2024,pending
69,6615,3681,2790,4/5/2024,pending
70,8916,3674,2610,4/5/2024,pending
71,6360,3639,900,4/5/2024,pending
72,6172,3603,2160,4/5/2024,pending
73,5602,3504,1710,4/5/2024,pending
74,8501,3487,3690,4/5/2024,pending
75,8644,3369,180,4/5/2024,pending
76,4679,3358,810,4/5/2024,pending
77,4565,3340,1890,4/5/2024,pending
78,4369,3305,3600,4/5/2024,pending
79,4339,3298,180,4/5/2024,pending
80,9340,3264,1350,4/5/2024,pending
81,3898,3218,3150,4/5/2024,pending
82,3833,3206,4590,4/5/2024,pending
83,3645,3177,1980,4/5/2024,pending
84,3612,3169,990,4/5/2024,pending
85,3165,3103,540,4/5/2024,pending
86,2954,3065,1980,4/5/2024,pending
87,2873,3043,540,4/5/2024,pending
88,2785,3029,360,4/5/2024,pending
89,8522,8975,4167000,4/4/2024,pending
90,8878,8903,2344500,4/4/2024,pending
91,7705,8845,814500,4/4/2024,pending
92,7389,8793,679500,4/4/2024,pending
93,9094,8779,1152000,4/4/2024,pending
94,6928,8717,1107000,4/4/2024,pending
95,6892,8710,3177000,4/4/2024,pending
96,6780,8693,1129500,4/4/2024,pending
97,6657,8671,2592000,4/4/2024,pending
98,9034,8588,4504500,4/4/2024,pending
99,5953,8546,2052000,4/4/2024,pending
100,5941,8544,1962000,4/4/2024,pending
101,5931,8543,3334500,4/4/2024,pending
102,5796,8527,2367000,4/4/2024,pending
103,5704,8511,2344500,4/4/2024,pending
104,5631,8493,814500,4/4/2024,pending
105,5293,8431,3852000,4/4/2024,pending
106,5116,8405,477000,4/4/2024,pending
107,4823,8348,3379500,4/4/2024,pending
108,4648,8318,1332000,4/4/2024,pending
109,4332,8275,2434500,4/4/2024,pending
110,4276,8261,1917000,4/4/2024,pending
111,4093,8236,252000,4/4/2024,pending
112,3977,8217,2997000,4/4/2024,pending
113,3865,8201,4324500,4/4/2024,pending
114,2844,8041,1579500,4/4/2024,pending
115,8144,3930,4050,4/4/2024,pending
116,8054,3918,3870,4/4/2024,pending
117,7841,3889,990,4/4/2024,pending
118,7803,3884,1170,4/4/2024,pending
119,9678,3877,1620,4/4/2024,pending
120,9667,3847,3150,4/4/2024,pending
121,7292,3789,450,4/4/2024,pending
122,7106,3756,2790,4/4/2024,pending
123,6135,3596,450,4/4/2024,pending
124,6108,3592,1980,4/4/2024,pending
125,6052,3579,2070,4/4/2024,pending
126,5936,3557,720,4/4/2024,pending
127,5802,3529,2340,4/4/2024,pending
128,9723,3526,3420,4/4/2024,pending
129,5402,3474,4410,4/4/2024,pending
130,5010,3406,3870,4/4/2024,pending
131,5003,3403,2880,4/4/2024,pending
132,9417,3345,3420,4/4/2024,pending
133,4278,3291,540,4/4/2024,pending
134,4258,3286,2970,4/4/2024,pending
135,4225,3280,2160,4/4/2024,pending
136,3959,3227,900,4/4/2024,pending
137,3958,3226,3330,4/4/2024,pending
138,3874,3212,3150,4/4/2024,pending
139,9593,3183,990,4/4/2024,pending
140,3543,3160,3240,4/4/2024,pending
141,3301,3122,3060,4/4/2024,pending
142,3140,3099,1080,4/4/2024,pending
143,3130,3096,3780,4/4/2024,pending
144,7843,8866,634500,4/3/2024,pending
145,7754,8853,1939500,4/3/2024,pending
146,7395,8795,3447000,4/3/2024,pending
147,8995,8744,4212000,4/3/2024,pending
148,6970,8726,2187000,4/3/2024,pending
149,6642,8668,3739500,4/3/2024,pending
150,6611,8659,2277000,4/3/2024,pending
151,9357,8582,2974500,4/3/2024,pending
152,9926,8581,2862000,4/3/2024,pending
153,6055,8561,3109500,4/3/2024,pending
154,5776,8523,3784500,4/3/2024,pending
155,5406,8450,2164500,4/3/2024,pending
156,5147,8412,837000,4/3/2024,pending
157,4941,8374,3289500,4/3/2024,pending
158,9601,8371,432000,4/3/2024,pending
159,4926,8369,342000,4/3/2024,pending
160,4808,8344,364500,4/3/2024,pending
161,4785,8338,792000,4/3/2024,pending
162,3965,8215,207000,4/3/2024,pending
163,3939,8210,3874500,4/3/2024,pending
164,3738,8179,4234500,4/3/2024,pending
165,3413,8122,297000,4/3/2024,pending
166,3293,8102,3177000,4/3/2024,pending
167,3284,8100,3379500,4/3/2024,pending
168,3003,8061,3582000,4/3/2024,pending
169,3000,8060,4212000,4/3/2024,pending
170,2781,8030,2434500,4/3/2024,pending
171,8364,3977,1980,4/3/2024,pending
172,8290,3958,1170,4/3/2024,pending
173,9791,3916,270,4/3/2024,pending
174,7902,3896,900,4/3/2024,pending
175,7072,3749,2340,4/3/2024,pending
176,6895,3729,630,4/3/2024,pending
177,6891,3727,2970,4/3/2024,pending
178,6549,3668,4590,4/3/2024,pending
179,9509,3644,1530,4/3/2024,pending
180,9080,3635,810,4/3/2024,pending
181,6107,3591,4500,4/3/2024,pending
182,6092,3587,3150,4/3/2024,pending
183,5979,3565,2070,4/3/2024,pending
184,5465,3483,360,4/3/2024,pending
185,5043,3415,2250,4/3/2024,pending
186,4891,3391,4050,4/3/2024,pending
187,8904,3389,2250,4/3/2024,pending
188,4791,3374,3420,4/3/2024,pending
189,4777,3370,450,4/3/2024,pending
190,4692,3360,1890,4/3/2024,pending
191,4574,3342,3330,4/3/2024,pending
192,4439,3321,1530,4/3/2024,pending
193,4130,3262,4230,4/3/2024,pending
194,3987,3233,1350,4/3/2024,pending
195,3778,3198,540,4/3/2024,pending
196,3715,3190,900,4/3/2024,pending
197,3573,3162,4230,4/3/2024,pending
198,3240,3115,2970,4/3/2024,pending
199,3196,3110,630,4/3/2024,pending
200,3104,3090,3870,4/3/2024,pending
201,3038,3077,3690,4/3/2024,pending
202,2889,3048,990,4/3/2024,pending
203,9332,3009,3420,4/3/2024,pending
204,8190,8924,2974500,4/2/2024,pending
205,7858,8867,2254500,4/2/2024,pending
206,7236,8773,2479500,4/2/2024,pending
207,7175,8766,3537000,4/2/2024,pending
208,7001,8736,4099500,4/2/2024,pending
209,6472,8635,3424500,4/2/2024,pending
210,6158,8575,3244500,4/2/2024,pending
211,6104,8567,1489500,4/2/2024,pending
212,6054,8560,3222000,4/2/2024,pending
213,5679,8504,342000,4/2/2024,pending
214,5672,8503,4257000,4/2/2024,pending
215,5618,8490,72000,4/2/2024,pending
216,5612,8488,229500,4/2/2024,pending
217,5148,8413,949500,4/2/2024,pending
218,5118,8406,1917000,4/2/2024,pending
219,4815,8345,162000,4/2/2024,pending
220,4422,8285,2074500,4/2/2024,pending
221,3830,8195,814500,4/2/2024,pending
222,9373,8123,3807000,4/2/2024,pending
223,8867,8004,4054500,4/2/2024,pending
224,8385,3983,2880,4/2/2024,pending
225,8282,3955,1890,4/2/2024,pending
226,8939,3939,1980,4/2/2024,pending
227,7235,3774,3960,4/2/2024,pending
228,7121,3758,3690,4/2/2024,pending
229,6783,3711,2970,4/2/2024,pending
230,8888,3686,3690,4/2/2024,pending
231,9253,3546,2880,4/2/2024,pending
232,5300,3460,4320,4/2/2024,pending
233,5228,3450,1620,4/2/2024,pending
234,5104,3424,4500,4/2/2024,pending
235,4615,3345,3060,4/2/2024,pending
236,9971,3308,2430,4/2/2024,pending
237,4175,3268,4410,4/2/2024,pending
238,4099,3258,810,4/2/2024,pending
239,9293,3171,3780,4/2/2024,pending
240,3079,3085,450,4/2/2024,pending
241,9677,3081,2160,4/2/2024,pending
242,9809,3075,3240,4/2/2024,pending
243,2880,3046,810,4/2/2024,pending
244,2640,3007,1170,4/2/2024,pending
245,8871,3007,2610,4/2/2024,pending
246,9517,8992,2592000,4/1/2024,pending
247,8492,8970,3739500,4/1/2024,pending
248,9619,8944,904500,4/1/2024,pending
249,8093,8916,2007000,4/1/2024,pending
250,8069,8910,1602000,4/1/2024,pending
251,7981,8895,904500,4/1/2024,pending
252,7928,8882,3717000,4/1/2024,pending
253,7335,8787,4234500,4/1/2024,pending
254,7172,8765,4324500,4/1/2024,pending
255,7075,8745,4212000,4/1/2024,pending
256,6876,8708,814500,4/1/2024,pending
257,6517,8644,3987000,4/1/2024,pending
258,8868,8641,1782000,4/1/2024,pending
259,6375,8610,2412000,4/1/2024,pending
260,6350,8606,3019500,4/1/2024,pending
261,9756,8581,477000,4/1/2024,pending
262,9052,8577,904500,4/1/2024,pending
263,5668,8502,2839500,4/1/2024,pending
264,5481,8464,3672000,4/1/2024,pending
265,4927,8370,4504500,4/1/2024,pending
266,4398,8282,2974500,4/1/2024,pending
267,3894,8207,2277000,4/1/2024,pending
268,3762,8186,859500,4/1/2024,pending
269,3580,8155,3199500,4/1/2024,pending
270,2843,8040,2637000,4/1/2024,pending
271,8331,3969,3780,4/1/2024,pending
272,8309,3962,1080,4/1/2024,pending
273,7879,3893,2610,4/1/2024,pending
274,7876,3892,2340,4/1/2024,pending
275,9547,3852,900,4/1/2024,pending
276,6932,3735,540,4/1/2024,pending
277,6555,3672,3690,4/1/2024,pending
278,6445,3657,4140,4/1/2024,pending
279,6344,3636,1890,4/1/2024,pending
280,9875,3608,4140,4/1/2024,pending
281,6044,3578,2610,4/1/2024,pending
282,6001,3569,3420,4/1/2024,pending
283,5518,3489,3960,4/1/2024,pending
284,9726,3177,2250,4/1/2024,pending
285,3560,3161,450,4/1/2024,pending
286,3490,3149,900,4/1/2024,pending
287,8781,3145,3600,4/1/2024,pending
288,3290,3121,990,4/1/2024,pending
289,9622,3099,1890,4/1/2024,pending
290,3061,3083,4230,4/1/2024,pending
291,3028,3074,540,4/1/2024,pending
292,9703,3021,540,4/1/2024,pending
293,2672,3016,3510,4/1/2024,pending
294,8537,8980,2839500,3/31/2024,pending
295,9177,8967,3627000,3/31/2024,pending
296,8167,8921,1332000,3/31/2024,pending
297,8049,8904,2344500,3/31/2024,pending
298,7939,8885,3312000,3/31/2024,pending
299,7778,8857,184500,3/31/2024,pending
300,7664,8838,4279500,3/31/2024,pending
301,9181,8834,4212000,3/31/2024,pending
302,6415,8621,3492000,3/31/2024,pending
303,6404,8619,229500,3/31/2024,pending
304,9632,8581,2434500,3/31/2024,pending
305,6153,8573,2389500,3/31/2024,pending
306,6126,8570,3087000,3/31/2024,pending
307,6039,8556,2322000,3/31/2024,pending
308,9077,8552,702000,3/31/2024,pending
309,5681,8505,1917000,3/31/2024,pending
310,5492,8467,364500,3/31/2024,pending
311,9806,8443,3132000,3/31/2024,pending
312,5311,8435,229500,3/31/2024,pending
313,9938,8433,2547000,3/31/2024,pending
314,4991,8386,117000,3/31/2024,pending
315,4851,8353,1129500,3/31/2024,pending
316,4595,8311,2254500,3/31/2024,pending
317,9380,8305,3492000,3/31/2024,pending
318,9852,8235,3807000,3/31/2024,pending
319,4082,8234,4212000,3/31/2024,pending
320,3892,8206,3469500,3/31/2024,pending
321,3870,8203,2457000,3/31/2024,pending
322,3801,8191,117000,3/31/2024,pending
323,3335,8108,3942000,3/31/2024,pending
324,3308,8105,3289500,3/31/2024,pending
325,3143,8080,2029500,3/31/2024,pending
326,8289,3957,3870,3/31/2024,pending
327,8194,3937,2250,3/31/2024,pending
328,9478,3902,2340,3/31/2024,pending
329,7796,3881,990,3/31/2024,pending
330,7682,3859,810,3/31/2024,pending
331,7626,3845,3240,3/31/2024,pending
332,7282,3788,2250,3/31/2024,pending
333,7153,3764,1170,3/31/2024,pending
334,6337,3634,360,3/31/2024,pending
335,9449,3606,3780,3/31/2024,pending
336,6058,3580,2160,3/31/2024,pending
337,5974,3564,1440,3/31/2024,pending
338,5839,3537,810,3/31/2024,pending
339,9653,3468,3690,3/31/2024,pending
340,5243,3452,4230,3/31/2024,pending
341,9245,3445,2700,3/31/2024,pending
342,4980,3398,540,3/31/2024,pending
343,4828,3381,630,3/31/2024,pending
344,4806,3376,4500,3/31/2024,pending
345,4203,3275,1170,3/31/2024,pending
346,4198,3274,2160,3/31/2024,pending
347,9588,3242,3060,3/31/2024,pending
348,3882,3214,3060,3/31/2024,pending
349,9868,3096,3780,3/31/2024,pending
350,9590,3082,1710,3/31/2024,pending
351,2921,3057,3870,3/31/2024,pending
352,2770,3025,990,3/31/2024,pending
353,8457,8960,2299500,3/30/2024,pending
354,8449,8956,2749500,3/30/2024,pending
355,8280,8936,4369500,3/30/2024,pending
356,7927,8881,1827000,3/30/2024,pending
357,8930,8829,3402000,3/30/2024,pending
358,7521,8823,3784500,3/30/2024,pending
359,7502,8816,1354500,3/30/2024,pending
360,7241,8775,2952000,3/30/2024,pending
361,9013,8657,1827000,3/30/2024,pending
362,6389,8615,747000,3/30/2024,pending
363,5993,8550,2794500,3/30/2024,pending
364,9604,8533,2029500,3/30/2024,pending
365,9784,8499,2659500,3/30/2024,pending
366,5524,8473,3469500,3/30/2024,pending
367,5456,8458,3244500,3/30/2024,pending
368,9316,8322,792000,3/30/2024,pending
369,9386,8319,2727000,3/30/2024,pending
370,4322,8272,2097000,3/30/2024,pending
371,4221,8255,2232000,3/30/2024,pending
372,9036,8189,3672000,3/30/2024,pending
373,3603,8158,2502000,3/30/2024,pending
374,3065,8073,1782000,3/30/2024,pending
375,3044,8068,522000,3/30/2024,pending
376,3007,8063,454500,3/30/2024,pending
377,2923,8051,1692000,3/30/2024,pending
378,2632,8006,1894500,3/30/2024,pending
379,8410,3990,720,3/30/2024,pending
380,8223,3943,3060,3/30/2024,pending
381,8059,3920,3510,3/30/2024,pending
382,7773,3879,1170,3/30/2024,pending
383,8794,3868,3780,3/30/2024,pending
384,7586,3837,540,3/30/2024,pending
385,7362,3806,2880,3/30/2024,pending
386,7312,3796,2070,3/30/2024,pending
387,8683,3728,720,3/30/2024,pending
388,6842,3717,3690,3/30/2024,pending
389,6621,3684,4500,3/30/2024,pending
390,6521,3663,4410,3/30/2024,pending
391,6276,3621,3960,3/30/2024,pending
392,6123,3593,1710,3/30/2024,pending
393,6066,3582,2070,3/30/2024,pending
394,5958,3560,2970,3/30/2024,pending
395,5592,3502,2430,3/30/2024,pending
396,9412,3499,1890,3/30/2024,pending
397,5544,3492,1620,3/30/2024,pending
398,5280,3456,2160,3/30/2024,pending
399,5226,3448,2520,3/30/2024,pending
400,9874,3367,3690,3/30/2024,pending
401,4573,3341,990,3/30/2024,pending
402,4473,3330,3330,3/30/2024,pending
403,9456,3329,3330,3/30/2024,pending
404,9889,3277,2340,3/30/2024,pending
405,4050,3244,2520,3/30/2024,pending
406,3921,3220,1710,3/30/2024,pending
407,3522,3157,2070,3/30/2024,pending
408,3494,3150,4230,3/30/2024,pending
409,3440,3145,1890,3/30/2024,pending
410,3227,3113,270,3/30/2024,pending
411,8519,3088,3240,3/30/2024,pending
412,8622,8995,4504500,3/29/2024,pending
413,8906,8913,3604500,3/29/2024,pending
414,8033,8902,3852000,3/29/2024,pending
415,9781,8819,1512000,3/29/2024,pending
416,7483,8812,432000,3/29/2024,pending
417,7392,8794,162000,3/29/2024,pending
418,7091,8750,2862000,3/29/2024,pending
419,8893,8742,4437000,3/29/2024,pending
420,6972,8727,2659500,3/29/2024,pending
421,6937,8719,4414500,3/29/2024,pending
422,6727,8685,3312000,3/29/2024,pending
423,9420,8608,1939500,3/29/2024,pending
424,6177,8579,1422000,3/29/2024,pending
425,6040,8557,4054500,3/29/2024,pending
426,5762,8519,1332000,3/29/2024,pending
427,5522,8472,297000,3/29/2024,pending
428,5508,8470,3469500,3/29/2024,pending
429,5476,8463,634500,3/29/2024,pending
430,4963,8376,2997000,3/29/2024,pending
431,4526,8304,3559500,3/29/2024,pending
432,4512,8301,4392000,3/29/2024,pending
433,8981,8299,724500,3/29/2024,pending
434,4477,8295,252000,3/29/2024,pending
435,4457,8290,1849500,3/29/2024,pending
436,4440,8288,4167000,3/29/2024,pending
437,4348,8277,567000,3/29/2024,pending
438,4051,8227,1647000,3/29/2024,pending
439,3628,8164,252000,3/29/2024,pending
440,3624,8163,3829500,3/29/2024,pending
441,3478,8134,207000,3/29/2024,pending
442,2827,8039,859500,3/29/2024,pending
443,2709,8016,184500,3/29/2024,pending
444,9978,3986,1980,3/29/2024,pending
445,8148,3931,1710,3/29/2024,pending
446,7915,3899,4140,3/29/2024,pending
447,7799,3883,4230,3/29/2024,pending
448,9651,3869,2340,3/29/2024,pending
449,7641,3848,3600,3/29/2024,pending
450,7573,3834,3780,3/29/2024,pending
451,7542,3829,4230,3/29/2024,pending
452,9281,3811,720,3/29/2024,pending
453,7245,3777,1530,3/29/2024,pending
454,8819,3748,3060,3/29/2024,pending
455,6908,3731,2430,3/29/2024,pending
456,6623,3685,810,3/29/2024,pending
457,6571,3675,900,3/29/2024,pending
458,6068,3584,3690,3/29/2024,pending
459,5570,3500,540,3/29/2024,pending
460,4399,3316,450,3/29/2024,pending
461,4274,3290,3690,3/29/2024,pending
462,4243,3283,3600,3/29/2024,pending
463,9546,3245,3690,3/29/2024,pending
464,4006,3236,3330,3/29/2024,pending
465,3698,3188,3600,3/29/2024,pending
466,3680,3184,1260,3/29/2024,pending
467,3375,3135,1080,3/29/2024,pending
468,3266,3118,4050,3/29/2024,pending
469,2837,3037,3600,3/29/2024,pending
470,2775,3027,2880,3/29/2024,pending
471,2636,3006,180,3/29/2024,pending
1,8649,9000,1692000,3/28/2024,pending
2,8488,8969,2862000,3/28/2024,pending
3,7938,8884,2322000,3/28/2024,pending
4,8655,8878,2277000,3/28/2024,pending
5,7743,8851,2952000,3/28/2024,pending
6,7495,8813,2074500,3/28/2024,pending
7,7416,8798,2704500,3/28/2024,pending
8,7404,8796,2502000,3/28/2024,pending
9,7168,8764,2299500,3/28/2024,pending
10,6965,8724,814500,3/28/2024,pending
11,6938,8720,1872000,3/28/2024,pending
12,6890,8709,2299500,3/28/2024,pending
13,9680,8646,2637000,3/28/2024,pending
14,6291,8598,2479500,3/28/2024,pending
15,6032,8553,4414500,3/28/2024,pending
16,8673,8547,2457000,3/28/2024,pending
17,5205,8421,1804500,3/28/2024,pending
18,8690,8409,409500,3/28/2024,pending
19,8990,8400,769500,3/28/2024,pending
20,5080,8397,634500,3/28/2024,pending
21,8903,8334,1377000,3/28/2024,pending
22,4724,8328,3717000,3/28/2024,pending
23,4567,8309,252000,3/28/2024,pending
24,9022,8265,1039500,3/28/2024,pending
25,4192,8248,4032000,3/28/2024,pending
26,9407,8160,3717000,3/28/2024,pending
27,3470,8132,1377000,3/28/2024,pending
28,3450,8129,3694500,3/28/2024,pending
29,9920,8116,1872000,3/28/2024,pending
30,3221,8094,544500,3/28/2024,pending
31,8272,3953,720,3/28/2024,pending
32,8106,3925,1980,3/28/2024,pending
33,7997,3912,1710,3/28/2024,pending
34,7707,3865,4050,3/28/2024,pending
35,7238,3775,900,3/28/2024,pending
36,7165,3765,180,3/28/2024,pending
37,7006,3740,3600,3/28/2024,pending
38,6885,3725,3600,3/28/2024,pending
39,6656,3691,4590,3/28/2024,pending
40,6647,3690,1890,3/28/2024,pending
41,6365,3641,3060,3/28/2024,pending
42,6163,3601,810,3/28/2024,pending
43,5758,3525,1260,3/28/2024,pending
44,5478,3485,4410,3/28/2024,pending
45,4812,3377,1710,3/28/2024,pending
46,9747,3345,2970,3/28/2024,pending
47,4195,3272,3960,3/28/2024,pending
48,4141,3263,3420,3/28/2024,pending
49,4118,3260,2700,3/28/2024,pending
50,4058,3247,1620,3/28/2024,pending
51,3703,3189,990,3/28/2024,pending
52,3659,3181,1080,3/28/2024,pending
53,3651,3180,2340,3/28/2024,pending
54,3408,3141,2340,3/28/2024,pending
55,3318,3127,2430,3/28/2024,pending
56,3232,3114,2160,3/28/2024,pending
57,3156,3102,810,3/28/2024,pending
58,3155,3101,3780,3/28/2024,pending
59,9763,3029,1980,3/28/2024,pending
60,2649,3010,450,3/28/2024,pending
61,2626,3004,2880,3/28/2024,pending
62,8251,8934,769500,3/27/2024,pending
63,8006,8898,3424500,3/27/2024,pending
64,7739,8850,1939500,3/27/2024,pending
65,7454,8808,2367000,3/27/2024,pending
66,9767,8783,4392000,3/27/2024,pending
67,7223,8771,3739500,3/27/2024,pending
68,6515,8643,2524500,3/27/2024,pending
69,6132,8571,2074500,3/27/2024,pending
70,5489,8466,859500,3/27/2024,pending
71,5377,8447,3919500,3/27/2024,pending
72,4912,8367,2209500,3/27/2024,pending
73,4729,8329,2524500,3/27/2024,pending
74,4447,8289,1804500,3/27/2024,pending
75,4355,8280,409500,3/27/2024,pending
76,4351,8278,4032000,3/27/2024,pending
77,4265,8258,3829500,3/27/2024,pending
78,4140,8240,3132000,3/27/2024,pending
79,4120,8238,1219500,3/27/2024,pending
80,4069,8231,319500,3/27/2024,pending
81,3862,8199,2749500,3/27/2024,pending
82,3819,8193,837000,3/27/2024,pending
83,9146,8184,2119500,3/27/2024,pending
84,3734,8178,2479500,3/27/2024,pending
85,3060,8071,2997000,3/27/2024,pending
86,8226,3945,3960,3/27/2024,pending
87,8214,3940,270,3/27/2024,pending
88,8132,3929,1890,3/27/2024,pending
89,9107,3915,2790,3/27/2024,pending
90,7861,3890,4050,3/27/2024,pending
91,7433,3819,360,3/27/2024,pending
92,7200,3768,1170,3/27/2024,pending
93,9322,3678,4590,3/27/2024,pending
94,6418,3649,450,3/27/2024,pending
95,9015,3623,1530,3/27/2024,pending
96,5853,3541,3420,3/27/2024,pending
97,5568,3498,4050,3/27/2024,pending
98,5436,3482,2160,3/27/2024,pending
99,5435,3481,3600,3/27/2024,pending
100,5227,3449,180,3/27/2024,pending
101,5126,3429,1800,3/27/2024,pending
102,5112,3426,3510,3/27/2024,pending
103,4821,3380,2430,3/27/2024,pending
104,4740,3366,900,3/27/2024,pending
105,9200,3175,4410,3/27/2024,pending
106,3365,3133,720,3/27/2024,pending
107,9687,3118,3600,3/27/2024,pending
108,8799,3106,3690,3/27/2024,pending
109,3048,3080,1350,3/27/2024,pending
110,2746,3022,2790,3/27/2024,pending
111,2741,3021,4410,3/27/2024,pending
112,2654,3011,3600,3/27/2024,pending
113,9056,8990,747000,3/26/2024,pending
114,8532,8978,3762000,3/26/2024,pending
115,8841,8977,229500,3/26/2024,pending
116,8360,8948,2322000,3/26/2024,pending
117,8249,8933,207000,3/26/2024,pending
118,8087,8915,3717000,3/26/2024,pending
119,7905,8876,2569500,3/26/2024,pending
120,7678,8841,2749500,3/26/2024,pending
121,7632,8835,859500,3/26/2024,pending
122,8769,8791,3469500,3/26/2024,pending
123,7268,8778,2997000,3/26/2024,pending
124,7232,8772,2524500,3/26/2024,pending
125,7084,8747,139500,3/26/2024,pending
126,8984,8742,1737000,3/26/2024,pending
127,6976,8728,1197000,3/26/2024,pending
128,9529,8579,3222000,3/26/2024,pending
129,6077,8564,4414500,3/26/2024,pending
130,6050,8559,522000,3/26/2024,pending
131,6036,8555,589500,3/26/2024,pending
132,5735,8515,3649500,3/26/2024,pending
133,5645,8497,117000,3/26/2024,pending
134,5170,8416,454500,3/26/2024,pending
135,5097,8401,94500,3/26/2024,pending
136,4970,8379,4257000,3/26/2024,pending
137,4886,8359,2637000,3/26/2024,pending
138,4861,8354,3672000,3/26/2024,pending
139,9521,8325,1444500,3/26/2024,pending
140,4671,8320,4414500,3/26/2024,pending
141,8764,8286,792000,3/26/2024,pending
142,4392,8281,1174500,3/26/2024,pending
143,4137,8239,2952000,3/26/2024,pending
144,4003,8221,3919500,3/26/2024,pending
145,3910,8209,297000,3/26/2024,pending
146,9769,8140,4414500,3/26/2024,pending
147,9016,8104,1512000,3/26/2024,pending
148,2965,8055,904500,3/26/2024,pending
149,2870,8045,2479500,3/26/2024,pending
150,9551,8016,1647000,3/26/2024,pending
151,2693,8012,2749500,3/26/2024,pending
152,8422,3993,1710,3/26/2024,pending
153,8224,3944,900,3/26/2024,pending
154,7720,3869,3150,3/26/2024,pending
155,9141,3856,3150,3/26/2024,pending
156,7379,3811,2610,3/26/2024,pending
157,7305,3794,450,3/26/2024,pending
158,7272,3786,3870,3/26/2024,pending
159,7198,3767,4500,3/26/2024,pending
160,6916,3733,3690,3/26/2024,pending
161,6679,3695,4230,3/26/2024,pending
162,6589,3678,630,3/26/2024,pending
163,6002,3570,3330,3/26/2024,pending
164,5843,3538,1980,3/26/2024,pending
165,5509,3488,4410,3/26/2024,pending
166,5084,3422,720,3/26/2024,pending
167,5072,3419,2700,3/26/2024,pending
168,4698,3361,3510,3/26/2024,pending
169,4451,3326,2700,3/26/2024,pending
170,4377,3307,3780,3/26/2024,pending
171,4197,3273,4320,3/26/2024,pending
172,3627,3173,180,3/26/2024,pending
173,2852,3039,2520,3/26/2024,pending
174,8641,8998,2907000,3/25/2024,pending
175,8633,8996,2952000,3/25/2024,pending
176,7594,8829,2592000,3/25/2024,pending
177,7541,8826,3829500,3/25/2024,pending
178,7464,8809,3987000,3/25/2024,pending
179,7448,8806,1602000,3/25/2024,pending
180,7375,8792,2749500,3/25/2024,pending
181,7192,8768,4257000,3/25/2024,pending
182,6830,8702,3897000,3/25/2024,pending
183,9280,8688,1287000,3/25/2024,pending
184,6614,8660,2502000,3/25/2024,pending
185,6491,8639,94500,3/25/2024,pending
186,5464,8461,2547000,3/25/2024,pending
187,5329,8437,2997000,3/25/2024,pending
188,5288,8430,1512000,3/25/2024,pending
189,5052,8393,3807000,3/25/2024,pending
190,9199,8378,2142000,3/25/2024,pending
191,4017,8223,2052000,3/25/2024,pending
192,3686,8170,2682000,3/25/2024,pending
193,9993,8132,1242000,3/25/2024,pending
194,3291,8101,2457000,3/25/2024,pending
195,3260,8097,589500,3/25/2024,pending
196,2999,8059,2434500,3/25/2024,pending
197,2847,8042,162000,3/25/2024,pending
198,2759,8027,1377000,3/25/2024,pending
199,2658,8008,2907000,3/25/2024,pending
200,8258,3950,4320,3/25/2024,pending
201,7825,3887,4230,3/25/2024,pending
202,7681,3858,1260,3/25/2024,pending
203,7677,3857,1620,3/25/2024,pending
204,7556,3832,3600,3/25/2024,pending
205,9242,3758,4590,3/25/2024,pending
206,7078,3750,630,3/25/2024,pending
207,6866,3722,1350,3/25/2024,pending
208,6618,3683,1080,3/25/2024,pending
209,6441,3656,3420,3/25/2024,pending
210,8969,3603,180,3/25/2024,pending
211,8630,3594,4230,3/25/2024,pending
212,5400,3473,3150,3/25/2024,pending
213,9685,3451,3420,3/25/2024,pending
214,4948,3396,1080,3/25/2024,pending
215,4548,3337,2160,3/25/2024,pending
216,9837,3249,2970,3/25/2024,pending
217,3842,3208,1620,3/25/2024,pending
218,3500,3152,1350,3/25/2024,pending
219,3426,3142,4500,3/25/2024,pending
220,3081,3086,1800,3/25/2024,pending
221,8611,3029,720,3/25/2024,pending
222,8521,8974,2457000,3/24/2024,pending
223,9724,8935,229500,3/24/2024,pending
224,8233,8930,3987000,3/24/2024,pending
225,8172,8923,1174500,3/24/2024,pending
226,8168,8922,2974500,3/24/2024,pending
227,7980,8894,3132000,3/24/2024,pending
228,7886,8874,297000,3/24/2024,pending
229,7166,8763,3132000,3/24/2024,pending
230,6982,8730,1714500,3/24/2024,pending
231,6935,8718,3582000,3/24/2024,pending
232,6904,8712,3244500,3/24/2024,pending
233,6652,8670,2547000,3/24/2024,pending
234,6461,8632,3087000,3/24/2024,pending
235,6314,8600,3087000,3/24/2024,pending
236,8997,8508,3807000,3/24/2024,pending
237,9569,8504,3042000,3/24/2024,pending
238,9817,8435,3604500,3/24/2024,pending
239,4997,8387,4459500,3/24/2024,pending
240,4774,8334,4144500,3/24/2024,pending
241,9693,8209,4122000,3/24/2024,pending
242,9175,8205,3469500,3/24/2024,pending
243,3484,8135,139500,3/24/2024,pending
244,3399,8119,2749500,3/24/2024,pending
245,3368,8116,2772000,3/24/2024,pending
246,3139,8079,1827000,3/24/2024,pending
247,3030,8066,2952000,3/24/2024,pending
248,8388,3984,810,3/24/2024,pending
249,8176,3935,2160,3/24/2024,pending
250,7985,3908,180,3/24/2024,pending
251,8728,3890,4230,3/24/2024,pending
252,7601,3840,2160,3/24/2024,pending
253,9863,3818,3240,3/24/2024,pending
254,7271,3785,900,3/24/2024,pending
255,6407,3647,990,3/24/2024,pending
256,6322,3629,4410,3/24/2024,pending
257,6017,3574,2610,3/24/2024,pending
258,5964,3562,1710,3/24/2024,pending
259,5820,3532,3240,3/24/2024,pending
260,5471,3484,3150,3/24/2024,pending
261,5274,3455,1620,3/24/2024,pending
262,5088,3423,2520,3/24/2024,pending
263,5050,3416,3420,3/24/2024,pending
264,4763,3369,3870,3/24/2024,pending
265,9239,3313,2520,3/24/2024,pending
266,4252,3285,1980,3/24/2024,pending
267,4022,3240,1440,3/24/2024,pending
268,3854,3210,3330,3/24/2024,pending
269,3725,3193,2070,3/24/2024,pending
270,2983,3069,3870,3/24/2024,pending
271,8469,8965,342000,3/23/2024,pending
272,8326,8943,747000,3/23/2024,pending
273,8067,8908,927000,3/23/2024,pending
274,8986,8907,567000,3/23/2024,pending
275,7520,8822,1512000,3/23/2024,pending
276,7124,8755,3582000,3/23/2024,pending
277,9329,8715,2277000,3/23/2024,pending
278,6522,8645,1174500,3/23/2024,pending
279,9884,8593,3627000,3/23/2024,pending
280,5840,8531,1602000,3/23/2024,pending
281,9557,8530,4077000,3/23/2024,pending
282,5513,8471,2884500,3/23/2024,pending
283,5095,8400,1332000,3/23/2024,pending
284,4907,8364,184500,3/23/2024,pending
285,4829,8349,2547000,3/23/2024,pending
286,4620,8315,274500,3/23/2024,pending
287,3825,8194,1219500,3/23/2024,pending
288,9567,8163,1827000,3/23/2024,pending
289,3555,8148,1714500,3/23/2024,pending
290,3264,8098,1354500,3/23/2024,pending
291,3254,8096,2839500,3/23/2024,pending
292,9453,8061,3199500,3/23/2024,pending
293,2882,8047,724500,3/23/2024,pending
294,8404,3987,1980,3/23/2024,pending
295,8044,3917,2160,3/23/2024,pending
296,7759,3874,540,3/23/2024,pending
297,7592,3839,3870,3/23/2024,pending
298,7414,3817,1890,3/23/2024,pending
299,6820,3713,3420,3/23/2024,pending
300,6775,3708,3690,3/23/2024,pending
301,6720,3700,2340,3/23/2024,pending
302,6430,3652,2970,3/23/2024,pending
303,6330,3631,4320,3/23/2024,pending
304,6241,3617,2520,3/23/2024,pending
305,5903,3551,2790,3/23/2024,pending
306,8509,3543,2520,3/23/2024,pending
307,5838,3536,990,3/23/2024,pending
308,5738,3521,3330,3/23/2024,pending
309,5565,3497,3960,3/23/2024,pending
310,5141,3434,1800,3/23/2024,pending
311,8506,3386,450,3/23/2024,pending
312,4062,3248,1890,3/23/2024,pending
313,4034,3241,2340,3/23/2024,pending
314,9351,3191,900,3/23/2024,pending
315,3591,3165,2610,3/23/2024,pending
316,3388,3137,4410,3/23/2024,pending
317,3350,3132,3150,3/23/2024,pending
318,2894,3052,2340,3/23/2024,pending
319,2752,3023,4050,3/23/2024,pending
320,2635,3005,1800,3/23/2024,pending
321,9023,3001,900,3/23/2024,pending
322,8347,8946,657000,3/22/2024,pending
323,8073,8911,4414500,3/22/2024,pending
324,7866,8870,1219500,3/22/2024,pending
325,9462,8866,4437000,3/22/2024,pending
326,7514,8820,1354500,3/22/2024,pending
327,7374,8791,252000,3/22/2024,pending
328,7291,8780,3627000,3/22/2024,pending
329,7256,8777,2254500,3/22/2024,pending
330,9836,8763,4392000,3/22/2024,pending
331,7151,8761,724500,3/22/2024,pending
332,7011,8737,1917000,3/22/2024,pending
333,6914,8714,1512000,3/22/2024,pending
334,6587,8656,49500,3/22/2024,pending
335,6573,8654,4054500,3/22/2024,pending
336,5998,8551,949500,3/22/2024,pending
337,5927,8542,2794500,3/22/2024,pending
338,9433,8525,4054500,3/22/2024,pending
339,5654,8500,634500,3/22/2024,pending
340,8988,8499,2502000,3/22/2024,pending
341,5640,8496,2434500,3/22/2024,pending
342,9896,8433,1624500,3/22/2024,pending
343,4967,8378,4279500,3/22/2024,pending
344,9810,8307,1917000,3/22/2024,pending
345,4187,8247,1939500,3/22/2024,pending
346,4070,8232,3064500,3/22/2024,pending
347,8866,8195,837000,3/22/2024,pending
348,3761,8185,3222000,3/22/2024,pending
349,3182,8089,2952000,3/22/2024,pending
350,9216,8088,4032000,3/22/2024,pending
351,2958,8054,162000,3/22/2024,pending
352,2717,8017,2029500,3/22/2024,pending
353,8407,3988,1620,3/22/2024,pending
354,8082,3923,1260,3/22/2024,pending
355,7549,3831,1800,3/22/2024,pending
356,7430,3818,1440,3/22/2024,pending
357,7397,3813,450,3/22/2024,pending
358,7301,3793,4050,3/22/2024,pending
359,7221,3772,3420,3/22/2024,pending
360,7220,3771,1350,3/22/2024,pending
361,6696,3697,1800,3/22/2024,pending
362,8518,3668,810,3/22/2024,pending
363,6321,3628,450,3/22/2024,pending
364,5641,3508,2250,3/22/2024,pending
365,5627,3507,990,3/22/2024,pending
366,5583,3501,3780,3/22/2024,pending
367,5399,3472,3240,3/22/2024,pending
368,4627,3348,1890,3/22/2024,pending
369,8715,3335,1710,3/22/2024,pending
370,4495,3334,1170,3/22/2024,pending
371,4020,3239,2610,3/22/2024,pending
372,2946,3062,4320,3/22/2024,pending
373,8865,3056,1800,3/22/2024,pending
374,8592,8992,837000,3/21/2024,pending
375,8527,8977,432000,3/21/2024,pending
376,8323,8942,544500,3/21/2024,pending
377,7930,8883,657000,3/21/2024,pending
378,7819,8862,792000,3/21/2024,pending
379,7473,8811,2817000,3/21/2024,pending
380,8960,8764,1557000,3/21/2024,pending
381,7088,8748,1872000,3/21/2024,pending
382,6745,8686,1422000,3/21/2024,pending
383,8983,8685,3469500,3/21/2024,pending
384,6695,8677,2884500,3/21/2024,pending
385,6635,8665,1377000,3/21/2024,pending
386,6398,8617,1669500,3/21/2024,pending
387,6281,8597,702000,3/21/2024,pending
388,6197,8580,4032000,3/21/2024,pending
389,5884,8537,477000,3/21/2024,pending
390,5872,8536,544500,3/21/2024,pending
391,5736,8516,3942000,3/21/2024,pending
392,5733,8514,3199500,3/21/2024,pending
393,5635,8494,3109500,3/21/2024,pending
394,5529,8475,882000,3/21/2024,pending
395,5353,8443,1332000,3/21/2024,pending
396,9722,8324,139500,3/21/2024,pending
397,4612,8312,2547000,3/21/2024,pending
398,4049,8226,1489500,3/21/2024,pending
399,3873,8204,4189500,3/21/2024,pending
400,3571,8153,1647000,3/21/2024,pending
401,3059,8070,4144500,3/21/2024,pending
402,2800,8034,117000,3/21/2024,pending
403,8166,3934,3780,3/21/2024,pending
404,8500,3922,720,3/21/2024,pending
405,7648,3850,1350,3/21/2024,pending
406,9587,3765,1800,3/21/2024,pending
407,7101,3755,180,3/21/2024,pending
408,9196,3716,720,3/21/2024,pending
409,9276,3716,1980,3/21/2024,pending
410,6529,3666,3240,3/21/2024,pending
411,6336,3633,2970,3/21/2024,pending
412,6331,3632,180,3/21/2024,pending
413,6292,3625,2520,3/21/2024,pending
414,6189,3608,3150,3/21/2024,pending
415,6159,3600,3420,3/21/2024,pending
416,5859,3542,630,3/21/2024,pending
417,5844,3539,2970,3/21/2024,pending
418,5682,3515,1260,3/21/2024,pending
419,5675,3514,3240,3/21/2024,pending
420,5562,3496,1890,3/21/2024,pending
421,5554,3494,1350,3/21/2024,pending
422,5197,3443,1080,3/21/2024,pending
423,5005,3404,1530,3/21/2024,pending
424,8536,3338,2970,3/21/2024,pending
425,4384,3310,2790,3/21/2024,pending
426,4304,3294,1620,3/21/2024,pending
427,4105,3259,1260,3/21/2024,pending
428,3887,3216,3240,3/21/2024,pending
429,3836,3207,3690,3/21/2024,pending
430,3261,3116,1890,3/21/2024,pending
431,9384,3055,4320,3/21/2024,pending
432,2801,3031,2430,3/21/2024,pending
433,8378,8949,2659500,3/20/2024,pending
434,8192,8925,1782000,3/20/2024,pending
435,7957,8889,3762000,3/20/2024,pending
436,7885,8873,4324500,3/20/2024,pending
437,7768,8856,769500,3/20/2024,pending
438,7702,8844,3087000,3/20/2024,pending
439,7599,8831,1309500,3/20/2024,pending
440,7306,8782,3559500,3/20/2024,pending
441,7304,8781,72000,3/20/2024,pending
442,7137,8759,1107000,3/20/2024,pending
443,6911,8713,4189500,3/20/2024,pending
444,6752,8689,2929500,3/20/2024,pending
445,6702,8678,1219500,3/20/2024,pending
446,6306,8599,1804500,3/20/2024,pending
447,6264,8590,4099500,3/20/2024,pending
448,6133,8572,3267000,3/20/2024,pending
449,9406,8557,1467000,3/20/2024,pending
450,5817,8530,2772000,3/20/2024,pending
451,5694,8510,3222000,3/20/2024,pending
452,5337,8440,2772000,3/20/2024,pending
453,5105,8404,612000,3/20/2024,pending
454,5039,8391,4369500,3/20/2024,pending
455,5004,8389,2007000,3/20/2024,pending
456,4935,8372,49500,3/20/2024,pending
457,4911,8366,4032000,3/20/2024,pending
458,4790,8340,2029500,3/20/2024,pending
459,4489,8296,2142000,3/20/2024,pending
460,4176,8246,3514500,3/20/2024,pending
461,4147,8243,4324500,3/20/2024,pending
462,4059,8228,207000,3/20/2024,pending
463,4040,8225,1759500,3/20/2024,pending
464,3864,8200,2344500,3/20/2024,pending
465,3748,8182,702000,3/20/2024,pending
466,3340,8110,4459500,3/20/2024,pending
467,3339,8109,994500,3/20/2024,pending
468,3317,8106,1512000,3/20/2024,pending
469,9743,8095,1602000,3/20/2024,pending
470,3220,8093,1669500,3/20/2024,pending
471,3039,8067,4234500,3/20/2024,pending
472,8421,3992,1710,3/20/2024,pending
473,7723,3870,4140,3/20/2024,pending
474,7676,3856,4140,3/20/2024,pending
475,7670,3855,4050,3/20/2024,pending
476,9209,3818,2340,3/20/2024,pending
477,7139,3761,1890,3/20/2024,pending
478,9484,3760,450,3/20/2024,pending
479,7098,3754,2970,3/20/2024,pending
480,7079,3751,1890,3/20/2024,pending
481,6663,3692,1260,3/20/2024,pending
482,6402,3646,270,3/20/2024,pending
483,9289,3560,810,3/20/2024,pending
484,5661,3513,630,3/20/2024,pending
485,9574,3418,4050,3/20/2024,pending
486,5001,3402,450,3/20/2024,pending
487,4849,3384,450,3/20/2024,pending
488,4181,3270,2970,3/20/2024,pending
489,4052,3245,4590,3/20/2024,pending
490,3961,3228,4230,3/20/2024,pending
491,3785,3199,990,3/20/2024,pending
492,3690,3186,2700,3/20/2024,pending
493,3596,3167,900,3/20/2024,pending
494,3508,3153,4500,3/20/2024,pending
495,2949,3063,4050,3/20/2024,pending
496,2914,3055,360,3/20/2024,pending
497,2756,3024,1530,3/20/2024,pending
498,2648,3009,720,3/20/2024,pending
499,8146,8920,3649500,3/19/2024,pending
500,7897,8875,1309500,3/19/2024,pending
501,9350,8795,1534500,3/19/2024,pending
502,7341,8788,3987000,3/19/2024,pending
503,9594,8739,499500,3/19/2024,pending
504,6660,8672,3627000,3/19/2024,pending
505,6603,8657,3807000,3/19/2024,pending
506,6270,8594,4099500,3/19/2024,pending
507,6265,8591,522000,3/19/2024,pending
508,5992,8549,1107000,3/19/2024,pending
509,5754,8517,1894500,3/19/2024,pending
510,5606,8487,1309500,3/19/2024,pending
511,5589,8482,2277000,3/19/2024,pending
512,5439,8454,792000,3/19/2024,pending
513,8671,8442,4302000,3/19/2024,pending
514,5143,8410,4369500,3/19/2024,pending
515,5060,8394,229500,3/19/2024,pending
516,5040,8392,342000,3/19/2024,pending
517,8700,8289,117000,3/19/2024,pending
518,4272,8259,1219500,3/19/2024,pending
519,3949,8212,2929500,3/19/2024,pending
520,9534,8212,2209500,3/19/2024,pending
521,3517,8141,3244500,3/19/2024,pending
522,3402,8120,1197000,3/19/2024,pending
523,2783,8031,2367000,3/19/2024,pending
524,2708,8015,1152000,3/19/2024,pending
525,7989,3909,900,3/19/2024,pending
526,7784,3880,180,3/19/2024,pending
527,7607,3842,3510,3/19/2024,pending
528,9220,3822,1530,3/19/2024,pending
529,7279,3787,810,3/19/2024,pending
530,7250,3780,630,3/19/2024,pending
531,7244,3776,1440,3/19/2024,pending
532,6616,3682,4320,3/19/2024,pending
533,6369,3642,1530,3/19/2024,pending
534,6328,3630,2790,3/19/2024,pending
535,6205,3614,3600,3/19/2024,pending
536,5874,3545,3690,3/19/2024,pending
537,5828,3534,3690,3/19/2024,pending
538,5537,3490,3510,3/19/2024,pending
539,5325,3462,1620,3/19/2024,pending
540,5158,3437,1080,3/19/2024,pending
541,8816,3426,1080,3/19/2024,pending
542,4799,3375,3870,3/19/2024,pending
543,4550,3338,720,3/19/2024,pending
544,4449,3324,810,3/19/2024,pending
545,4352,3301,2250,3/19/2024,pending
546,3954,3225,3960,3/19/2024,pending
547,3330,3128,2520,3/19/2024,pending
548,3265,3117,4590,3/19/2024,pending
549,9033,3070,1890,3/19/2024,pending
550,2980,3068,4320,3/19/2024,pending
551,2890,3049,2430,3/19/2024,pending
552,2674,3017,3150,3/19/2024,pending
553,8638,8997,1377000,3/18/2024,pending
554,7925,8879,274500,3/18/2024,pending
555,9236,8875,2254500,3/18/2024,pending
556,7882,8872,1264500,3/18/2024,pending
557,7110,8753,477000,3/18/2024,pending
558,7017,8739,1422000,3/18/2024,pending
559,6816,8700,3042000,3/18/2024,pending
560,6556,8650,2772000,3/18/2024,pending
561,6376,8611,4077000,3/18/2024,pending
562,6267,8592,1939500,3/18/2024,pending
563,5970,8548,2637000,3/18/2024,pending
564,5856,8534,1219500,3/18/2024,pending
565,5688,8508,3199500,3/18/2024,pending
566,5639,8495,3334500,3/18/2024,pending
567,9990,8443,1152000,3/18/2024,pending
568,4761,8332,1399500,3/18/2024,pending
569,8667,8326,1242000,3/18/2024,pending
570,4458,8291,3739500,3/18/2024,pending
571,8726,8230,2254500,3/18/2024,pending
572,8883,8200,4122000,3/18/2024,pending
573,3534,8144,162000,3/18/2024,pending
574,8907,8111,2029500,3/18/2024,pending
575,9979,8095,3222000,3/18/2024,pending
576,2976,8057,2164500,3/18/2024,pending
577,8440,3997,2880,3/18/2024,pending
578,8333,3971,990,3/18/2024,pending
579,8695,3912,3690,3/18/2024,pending
580,7479,3824,3060,3/18/2024,pending
581,6964,3736,1710,3/18/2024,pending
582,9566,3728,2610,3/18/2024,pending
583,6356,3638,1080,3/18/2024,pending
584,5289,3457,4590,3/18/2024,pending
585,5114,3427,2070,3/18/2024,pending
586,4920,3394,2070,3/18/2024,pending
587,4743,3367,2070,3/18/2024,pending
588,4657,3354,2880,3/18/2024,pending
589,8693,3351,4590,3/18/2024,pending
590,8640,3341,2430,3/18/2024,pending
591,4551,3339,1170,3/18/2024,pending
592,4063,3249,1620,3/18/2024,pending
593,4038,3242,1170,3/18/2024,pending
594,3601,3168,1800,3/18/2024,pending
595,3526,3158,1170,3/18/2024,pending
596,3473,3147,1890,3/18/2024,pending
597,3043,3078,1080,3/18/2024,pending
598,7926,8880,477000,3/17/2024,pending
599,9854,8876,589500,3/17/2024,pending
600,7791,8858,1827000,3/17/2024,pending
601,7675,8840,4054500,3/17/2024,pending
602,7442,8803,814500,3/17/2024,pending
603,7184,8767,4437000,3/17/2024,pending
604,7089,8749,4144500,3/17/2024,pending
605,9019,8624,4054500,3/17/2024,pending
606,6419,8622,544500,3/17/2024,pending
607,5924,8541,4279500,3/17/2024,pending
608,5591,8483,2817000,3/17/2024,pending
609,4999,8388,2704500,3/17/2024,pending
610,8684,8351,1692000,3/17/2024,pending
611,4331,8274,1917000,3/17/2024,pending
612,4207,8252,837000,3/17/2024,pending
613,4202,8251,1984500,3/17/2024,pending
614,4064,8230,1017000,3/17/2024,pending
615,4061,8229,4032000,3/17/2024,pending
616,3793,8189,657000,3/17/2024,pending
617,9271,8157,2254500,3/17/2024,pending
618,8875,8114,702000,3/17/2024,pending
619,3188,8091,882000,3/17/2024,pending
620,2687,8011,1129500,3/17/2024,pending
621,9924,3945,2250,3/17/2024,pending
622,8157,3933,2520,3/17/2024,pending
623,7763,3876,3150,3/17/2024,pending
624,7642,3849,2430,3/17/2024,pending
625,7627,3846,180,3/17/2024,pending
626,7591,3838,630,3/17/2024,pending
627,7009,3742,2970,3/17/2024,pending
628,9118,3671,1440,3/17/2024,pending
629,6253,3619,1260,3/17/2024,pending
630,6149,3598,3150,3/17/2024,pending
631,6005,3572,2250,3/17/2024,pending
632,9980,3515,1260,3/17/2024,pending
633,5430,3480,1710,3/17/2024,pending
634,5416,3476,4590,3/17/2024,pending
635,9649,3379,360,3/17/2024,pending
636,4446,3323,4590,3/17/2024,pending
637,9967,3312,630,3/17/2024,pending
638,9692,3294,2520,3/17/2024,pending
639,3915,3219,3510,3/17/2024,pending
640,3846,3209,1350,3/17/2024,pending
641,3613,3170,1710,3/17/2024,pending
642,3574,3163,3510,3/17/2024,pending
643,3022,3072,630,3/17/2024,pending
644,2979,3067,1170,3/17/2024,pending
645,2867,3042,540,3/17/2024,pending
646,9446,8994,679500,3/16/2024,pending
647,8485,8967,499500,3/16/2024,pending
648,8473,8966,1624500,3/16/2024,pending
649,8131,8919,4347000,3/16/2024,pending
650,8065,8906,477000,3/16/2024,pending
651,8934,8901,2952000,3/16/2024,pending
652,8007,8899,1489500,3/16/2024,pending
653,9003,8836,319500,3/16/2024,pending
654,7617,8833,1939500,3/16/2024,pending
655,7330,8786,2502000,3/16/2024,pending
656,8672,8762,2952000,3/16/2024,pending
657,6812,8699,1287000,3/16/2024,pending
658,6750,8687,3289500,3/16/2024,pending
659,6725,8683,2704500,3/16/2024,pending
660,9897,8626,4347000,3/16/2024,pending
661,9617,8606,657000,3/16/2024,pending
662,8954,8574,4504500,3/16/2024,pending
663,5789,8525,2839500,3/16/2024,pending
664,9274,8452,1939500,3/16/2024,pending
665,4873,8356,3334500,3/16/2024,pending
666,4834,8350,4212000,3/16/2024,pending
667,4678,8321,2412000,3/16/2024,pending
668,4509,8299,2997000,3/16/2024,pending
669,4318,8270,4167000,3/16/2024,pending
670,9705,8239,4459500,3/16/2024,pending
671,9912,8210,724500,3/16/2024,pending
672,8941,8057,949500,3/16/2024,pending
673,2678,8009,1872000,3/16/2024,pending
674,9500,3999,360,3/16/2024,pending
675,7965,3907,2700,3/16/2024,pending
676,7083,3753,4140,3/16/2024,pending
677,6870,3723,540,3/16/2024,pending
678,6566,3674,630,3/16/2024,pending
679,5852,3540,2250,3/16/2024,pending
680,5777,3526,4230,3/16/2024,pending
681,5241,3451,2700,3/16/2024,pending
682,5209,3445,3600,3/16/2024,pending
683,4787,3372,2070,3/16/2024,pending
684,4715,3364,1080,3/16/2024,pending
685,4673,3355,1530,3/16/2024,pending
686,4644,3352,1800,3/16/2024,pending
687,8643,3341,630,3/16/2024,pending
688,4437,3320,3510,3/16/2024,pending
689,4419,3319,2970,3/16/2024,pending
690,4209,3277,2970,3/16/2024,pending
691,3334,3129,1350,3/16/2024,pending
692,2808,3032,2340,3/16/2024,pending
693,8560,8987,2592000,3/15/2024,pending
694,9816,8962,2389500,3/15/2024,pending
695,8455,8958,3987000,3/15/2024,pending
696,8399,8952,3717000,3/15/2024,pending
697,8345,8945,2412000,3/15/2024,pending
698,8032,8901,3559500,3/15/2024,pending
699,7445,8804,2007000,3/15/2024,pending
700,7435,8801,3424500,3/15/2024,pending
701,9943,8784,4144500,3/15/2024,pending
702,7255,8776,3267000,3/15/2024,pending
703,6680,8676,634500,3/15/2024,pending
704,6632,8664,3694500,3/15/2024,pending
705,6399,8618,2727000,3/15/2024,pending
706,6274,8596,837000,3/15/2024,pending
707,9233,8573,2659500,3/15/2024,pending
708,6111,8568,4347000,3/15/2024,pending
709,6049,8558,2907000,3/15/2024,pending
710,8996,8475,2457000,3/15/2024,pending
711,9871,8432,1017000,3/15/2024,pending
712,5188,8419,297000,3/15/2024,pending
713,5064,8395,2637000,3/15/2024,pending
714,4976,8382,2704500,3/15/2024,pending
715,4511,8300,3402000,3/15/2024,pending
716,4472,8294,477000,3/15/2024,pending
717,4408,8283,3447000,3/15/2024,pending
718,8896,8116,702000,3/15/2024,pending
719,8327,3967,1080,3/15/2024,pending
720,8305,3961,1350,3/15/2024,pending
721,7907,3898,630,3/15/2024,pending
722,7334,3803,720,3/15/2024,pending
723,8559,3779,540,3/15/2024,pending
724,6777,3710,900,3/15/2024,pending
725,6583,3677,4410,3/15/2024,pending
726,9996,3660,360,3/15/2024,pending
727,8810,3651,1350,3/15/2024,pending
728,8691,3618,2700,3/15/2024,pending
729,6204,3613,3060,3/15/2024,pending
730,6125,3594,2250,3/15/2024,pending
731,6085,3586,2250,3/15/2024,pending
732,8736,3570,1170,3/15/2024,pending
733,8602,3529,1620,3/15/2024,pending
734,5295,3459,3060,3/15/2024,pending
735,5171,3439,3330,3/15/2024,pending
736,5133,3432,4500,3/15/2024,pending
737,4995,3400,2070,3/15/2024,pending
738,4968,3397,1800,3/15/2024,pending
739,4390,3312,540,3/15/2024,pending
740,4303,3293,3510,3/15/2024,pending
741,3649,3179,720,3/15/2024,pending
742,3310,3124,1080,3/15/2024,pending
743,2911,3054,4590,3/15/2024,pending
744,2888,3047,3780,3/15/2024,pending
745,2773,3026,2430,3/15/2024,pending
746,9764,8958,1512000,3/14/2024,pending
747,7976,8890,2974500,3/14/2024,pending
748,8933,8869,4144500,3/14/2024,pending
749,9047,8794,612000,3/14/2024,pending
750,7217,8770,3537000,3/14/2024,pending
751,7062,8742,2434500,3/14/2024,pending
752,6989,8733,297000,3/14/2024,pending
753,6980,8729,1759500,3/14/2024,pending
754,6789,8695,432000,3/14/2024,pending
755,6651,8669,409500,3/14/2024,pending
756,6316,8601,612000,3/14/2024,pending
757,5603,8486,2457000,3/14/2024,pending
758,5462,8459,2817000,3/14/2024,pending
759,5297,8432,3064500,3/14/2024,pending
760,5208,8422,972000,3/14/2024,pending
761,4971,8380,544500,3/14/2024,pending
762,4937,8373,1849500,3/14/2024,pending
763,4868,8355,1107000,3/14/2024,pending
764,4467,8293,2142000,3/14/2024,pending
765,3957,8214,4459500,3/14/2024,pending
766,3856,8198,4324500,3/14/2024,pending
767,3550,8146,72000,3/14/2024,pending
768,3158,8084,4504500,3/14/2024,pending
769,2995,8058,1984500,3/14/2024,pending
770,2824,8038,1984500,3/14/2024,pending
771,2732,8022,702000,3/14/2024,pending
772,2729,8020,207000,3/14/2024,pending
773,2651,8007,364500,3/14/2024,pending
774,8352,3976,1530,3/14/2024,pending
775,8340,3974,270,3/14/2024,pending
776,8117,3927,2880,3/14/2024,pending
777,9057,3904,2610,3/14/2024,pending
778,7733,3872,2790,3/14/2024,pending
779,7706,3864,3420,3/14/2024,pending
780,7606,3841,3060,3/14/2024,pending
781,7561,3833,1710,3/14/2024,pending
782,7508,3826,4140,3/14/2024,pending
783,7307,3795,2880,3/14/2024,pending
784,8664,3788,2340,3/14/2024,pending
785,7147,3762,2700,3/14/2024,pending
786,7000,3738,4590,3/14/2024,pending
787,6993,3737,630,3/14/2024,pending
788,6825,3715,1350,3/14/2024,pending
789,9700,3692,2070,3/14/2024,pending
790,9835,3653,2790,3/14/2024,pending
791,6378,3644,2430,3/14/2024,pending
792,9721,3638,2790,3/14/2024,pending
793,9727,3633,4230,3/14/2024,pending
794,6296,3626,4050,3/14/2024,pending
795,6041,3577,3420,3/14/2024,pending
796,5988,3566,3150,3/14/2024,pending
797,5658,3511,3240,3/14/2024,pending
798,8601,3485,3510,3/14/2024,pending
799,5372,3469,3780,3/14/2024,pending
800,4850,3385,1260,3/14/2024,pending
801,4204,3276,270,3/14/2024,pending
802,4004,3235,3240,3/14/2024,pending
803,3541,3159,3870,3/14/2024,pending
804,3518,3154,4050,3/14/2024,pending
805,3336,3130,4500,3/14/2024,pending
806,3124,3095,990,3/14/2024,pending
807,2925,3058,1800,3/14/2024,pending
808,2851,3038,3870,3/14/2024,pending
809,8585,8991,2344500,3/13/2024,pending
810,8567,8988,657000,3/13/2024,pending
811,7546,8827,2772000,3/13/2024,pending
812,7239,8774,3267000,3/13/2024,pending
813,6903,8711,1399500,3/13/2024,pending
814,6865,8706,972000,3/13/2024,pending
815,6790,8696,1512000,3/13/2024,pending
816,6756,8690,4257000,3/13/2024,pending
817,6676,8675,657000,3/13/2024,pending
818,9392,8627,207000,3/13/2024,pending
819,6346,8604,1467000,3/13/2024,pending
820,6341,8603,2839500,3/13/2024,pending
821,8763,8506,2637000,3/13/2024,pending
822,5588,8481,4347000,3/13/2024,pending
823,5441,8455,4369500,3/13/2024,pending
824,4989,8385,3357000,3/13/2024,pending
825,4803,8343,3019500,3/13/2024,pending
826,4639,8317,4009500,3/13/2024,pending
827,4323,8273,1534500,3/13/2024,pending
828,8803,8215,3402000,3/13/2024,pending
829,3895,8208,2209500,3/13/2024,pending
830,3421,8124,1534500,3/13/2024,pending
831,9285,8119,1039500,3/13/2024,pending
832,3217,8092,1242000,3/13/2024,pending
833,3056,8069,2524500,3/13/2024,pending
834,9690,8068,1017000,3/13/2024,pending
835,8401,3986,3060,3/13/2024,pending
836,8022,3914,2970,3/13/2024,pending
837,7818,3886,270,3/13/2024,pending
838,7480,3825,3060,3/13/2024,pending
839,9642,3809,4500,3/13/2024,pending
840,7332,3802,2430,3/13/2024,pending
841,7254,3781,4320,3/13/2024,pending
842,7108,3757,990,3/13/2024,pending
843,6930,3734,2070,3/13/2024,pending
844,6670,3693,3600,3/13/2024,pending
845,6280,3622,3600,3/13/2024,pending
846,5926,3553,3780,3/13/2024,pending
847,5157,3436,1080,3/13/2024,pending
848,5020,3410,4140,3/13/2024,pending
849,4676,3357,3330,3/13/2024,pending
850,4611,3344,3330,3/13/2024,pending
851,8498,3229,4050,3/13/2024,pending
852,3823,3204,2970,3/13/2024,pending
853,3741,3194,990,3/13/2024,pending
854,3668,3182,3600,3/13/2024,pending
855,3495,3151,2250,3/13/2024,pending
856,3058,3082,3330,3/13/2024,pending
857,8348,8947,1939500,3/12/2024,pending
858,8712,8883,2772000,3/12/2024,pending
859,9221,8872,3559500,3/12/2024,pending
860,7441,8802,724500,3/12/2024,pending
861,6706,8679,2052000,3/12/2024,pending
862,6606,8658,1399500,3/12/2024,pending
863,6448,8628,3897000,3/12/2024,pending
864,6071,8562,3469500,3/12/2024,pending
865,5894,8538,544500,3/12/2024,pending
866,9018,8534,1534500,3/12/2024,pending
867,5706,8512,2704500,3/12/2024,pending
868,5385,8448,1354500,3/12/2024,pending
869,5373,8446,1782000,3/12/2024,pending
870,5366,8444,1759500,3/12/2024,pending
871,5127,8407,3154500,3/12/2024,pending
872,4734,8330,1309500,3/12/2024,pending
873,4688,8323,2164500,3/12/2024,pending
874,4246,8256,1714500,3/12/2024,pending
875,3442,8127,387000,3/12/2024,pending
876,9385,8111,679500,3/12/2024,pending
877,3068,8074,2524500,3/12/2024,pending
878,2733,8023,3492000,3/12/2024,pending
879,8447,3999,4320,3/12/2024,pending
880,8412,3991,1080,3/12/2024,pending
881,8365,3978,4320,3/12/2024,pending
882,8239,3947,3600,3/12/2024,pending
883,8222,3942,900,3/12/2024,pending
884,9353,3942,3960,3/12/2024,pending
885,8197,3938,4140,3/12/2024,pending
886,8104,3924,1890,3/12/2024,pending
887,7931,3901,3690,3/12/2024,pending
888,7797,3882,3960,3/12/2024,pending
889,9998,3852,3960,3/12/2024,pending
890,7228,3773,1440,3/12/2024,pending
891,7003,3739,630,3/12/2024,pending
892,6722,3701,4140,3/12/2024,pending
893,6499,3661,1350,3/12/2024,pending
894,6496,3660,3690,3/12/2024,pending
895,6339,3635,1530,3/12/2024,pending
896,6203,3612,450,3/12/2024,pending
897,6196,3610,2520,3/12/2024,pending
898,6183,3605,2880,3/12/2024,pending
899,5952,3559,1350,3/12/2024,pending
900,5833,3535,180,3/12/2024,pending
901,5756,3524,630,3/12/2024,pending
902,4996,3401,2520,3/12/2024,pending
903,9719,3228,2160,3/12/2024,pending
904,3953,3224,3420,3/12/2024,pending
905,3948,3223,3510,3/12/2024,pending
906,3937,3221,630,3/12/2024,pending
907,3828,3205,4230,3/12/2024,pending
908,3743,3195,2880,3/12/2024,pending
909,9802,3177,2430,3/12/2024,pending
910,3640,3175,2970,3/12/2024,pending
911,9227,3140,1080,3/12/2024,pending
912,9050,3062,450,3/12/2024,pending
913,2864,3041,1890,3/12/2024,pending
914,2669,3015,2430,3/12/2024,pending
915,2620,3003,900,3/12/2024,pending
916,8420,8953,612000,3/11/2024,pending
917,7760,8855,2209500,3/11/2024,pending
918,7499,8814,1354500,3/11/2024,pending
919,9834,8780,904500,3/11/2024,pending
920,7099,8751,274500,3/11/2024,pending
921,7076,8746,4527000,3/11/2024,pending
922,7037,8741,117000,3/11/2024,pending
923,6675,8674,2142000,3/11/2024,pending
924,9613,8644,387000,3/11/2024,pending
925,5766,8521,634500,3/11/2024,pending
926,5689,8509,1152000,3/11/2024,pending
927,5572,8479,2614500,3/11/2024,pending
928,5417,8451,2839500,3/11/2024,pending
929,9511,8444,1669500,3/11/2024,pending
930,5344,8442,4167000,3/11/2024,pending
931,8732,8418,4369500,3/11/2024,pending
932,5169,8415,2952000,3/11/2024,pending
933,5081,8398,1984500,3/11/2024,pending
934,4000,8220,2839500,3/11/2024,pending
935,3845,8197,1714500,3/11/2024,pending
936,3730,8176,1422000,3/11/2024,pending
937,3706,8173,1354500,3/11/2024,pending
938,8977,8138,2614500,3/11/2024,pending
939,3476,8133,1872000,3/11/2024,pending
940,3468,8131,3964500,3/11/2024,pending
941,3107,8077,4324500,3/11/2024,pending
942,3083,8076,2344500,3/11/2024,pending
943,2734,8024,612000,3/11/2024,pending
944,2610,8001,364500,3/11/2024,pending
945,7696,3862,2160,3/11/2024,pending
946,7635,3847,450,3/11/2024,pending
947,7467,3822,1980,3/11/2024,pending
948,7399,3814,360,3/11/2024,pending
949,9712,3806,4320,3/11/2024,pending
950,9549,3729,3960,3/11/2024,pending
951,8466,3697,4050,3/11/2024,pending
952,6550,3669,990,3/11/2024,pending
953,6539,3667,540,3/11/2024,pending
954,8631,3643,3600,3/11/2024,pending
955,9797,3628,1800,3/11/2024,pending
956,6082,3585,1170,3/11/2024,pending
957,9493,3491,2430,3/11/2024,pending
958,5424,3479,3060,3/11/2024,pending
959,5014,3407,3870,3/11/2024,pending
960,4577,3343,3600,3/11/2024,pending
961,4383,3309,2610,3/11/2024,pending
962,3880,3213,2340,3/11/2024,pending
963,8682,3185,3960,3/11/2024,pending
964,3191,3109,4500,3/11/2024,pending
965,3189,3108,2880,3/11/2024,pending
966,3011,3071,2700,3/11/2024,pending
967,2984,3070,1170,3/11/2024,pending
968,9116,3050,4050,3/11/2024,pending
969,2855,3040,4230,3/11/2024,pending
970,2618,3002,810,3/11/2024,pending
971,8558,8986,2749500,3/10/2024,pending
972,8254,8935,1534500,3/10/2024,pending
973,7864,8868,4122000,3/10/2024,pending
974,7674,8839,2029500,3/10/2024,pending
975,7207,8769,3627000,3/10/2024,pending
976,9853,8689,1624500,3/10/2024,pending
977,9633,8663,2322000,3/10/2024,pending
978,6358,8608,2997000,3/10/2024,pending
979,6174,8578,4482000,3/10/2024,pending
980,6024,8552,3177000,3/10/2024,pending
981,5846,8533,4099500,3/10/2024,pending
982,5251,8427,4414500,3/10/2024,pending
983,4801,8342,1579500,3/10/2024,pending
984,3969,8216,3177000,3/10/2024,pending
985,3837,8196,2704500,3/10/2024,pending
986,8859,8152,1174500,3/10/2024,pending
987,3447,8128,2839500,3/10/2024,pending
988,8851,8085,1512000,3/10/2024,pending
989,3150,8081,3357000,3/10/2024,pending
990,2974,8056,4099500,3/10/2024,pending
991,7522,3827,3510,3/10/2024,pending
992,6742,3704,810,3/10/2024,pending
993,9157,3628,1080,3/10/2024,pending
994,5963,3561,540,3/10/2024,pending
995,5660,3512,4500,3/10/2024,pending
996,5396,3471,1530,3/10/2024,pending
997,5307,3461,3600,3/10/2024,pending
998,5196,3442,4590,3/10/2024,pending
999,5129,3430,1620,3/10/2024,pending
1000,5034,3412,1890,3/10/2024,pending
1001,4305,3295,1440,3/10/2024,pending
1002,4089,3254,3870,3/10/2024,pending
1003,9691,3254,2160,3/10/2024,pending
1004,3893,3217,2970,3/10/2024,pending
1005,3587,3164,1980,3/10/2024,pending
1006,9393,3154,1620,3/10/2024,pending
1007,3050,3081,1620,3/10/2024,pending
1008,2644,3008,2340,3/10/2024,pending
1009,8952,8996,4459500,3/9/2024,pending
1010,8599,8994,1692000,3/9/2024,pending
1011,8445,8955,1669500,3/9/2024,pending
1012,8038,8903,2074500,3/9/2024,pending
1013,7946,8887,3739500,3/9/2024,pending
1014,7943,8886,1827000,3/9/2024,pending
1015,9137,8852,3694500,3/9/2024,pending
1016,9139,8723,1062000,3/9/2024,pending
1017,6925,8716,2952000,3/9/2024,pending
1018,9939,8678,1714500,3/9/2024,pending
1019,6669,8673,1062000,3/9/2024,pending
1020,6469,8634,724500,3/9/2024,pending
1021,6444,8627,1669500,3/9/2024,pending
1022,6436,8625,387000,3/9/2024,pending
1023,6352,8607,2524500,3/9/2024,pending
1024,6347,8605,2749500,3/9/2024,pending
1025,9213,8601,792000,3/9/2024,pending
1026,9158,8533,634500,3/9/2024,pending
1027,5841,8532,2974500,3/9/2024,pending
1028,5215,8424,4054500,3/9/2024,pending
1029,9457,8389,2434500,3/9/2024,pending
1030,8720,8386,3672000,3/9/2024,pending
1031,4949,8375,2232000,3/9/2024,pending
1032,4514,8302,3154500,3/9/2024,pending
1033,4423,8286,499500,3/9/2024,pending
1034,9136,8280,3829500,3/9/2024,pending
1035,4287,8262,702000,3/9/2024,pending
1036,4275,8260,3559500,3/9/2024,pending
1037,3553,8147,837000,3/9/2024,pending
1038,3439,8126,2232000,3/9/2024,pending
1039,3019,8064,2479500,3/9/2024,pending
1040,2629,8004,1849500,3/9/2024,pending
1041,8459,4000,900,3/9/2024,pending
1042,8012,3913,2520,3/9/2024,pending
1043,9292,3870,810,3/9/2024,pending
1044,7618,3844,180,3/9/2024,pending
1045,7148,3763,1530,3/9/2024,pending
1046,6864,3721,3060,3/9/2024,pending
1047,6815,3712,1620,3/9/2024,pending
1048,6744,3706,2700,3/9/2024,pending
1049,6626,3686,1260,3/9/2024,pending
1050,6370,3643,3870,3/9/2024,pending
1051,6141,3597,3690,3/9/2024,pending
1052,6021,3575,3330,3/9/2024,pending
1053,5928,3554,2790,3/9/2024,pending
1054,5827,3533,1800,3/9/2024,pending
1055,5793,3527,4590,3/9/2024,pending
1056,5505,3487,4230,3/9/2024,pending
1057,5365,3468,2700,3/9/2024,pending
1058,9916,3448,2970,3/9/2024,pending
1059,5216,3447,1530,3/9/2024,pending
1060,8478,3443,1350,3/9/2024,pending
1061,5124,3428,1530,3/9/2024,pending
1062,4898,3392,3780,3/9/2024,pending
1063,4469,3329,990,3/9/2024,pending
1064,8796,3266,720,3/9/2024,pending
1065,3814,3202,3330,3/9/2024,pending
1066,3437,3144,2160,3/9/2024,pending
1067,3281,3120,1080,3/9/2024,pending
1068,3279,3119,3420,3/9/2024,pending
1069,8587,3095,720,3/9/2024,pending
1070,3123,3094,450,3/9/2024,pending
1071,8470,3082,4140,3/9/2024,pending
1072,3037,3076,2430,3/9/2024,pending
1073,2798,3030,2520,3/9/2024,pending
1074,2668,3014,2340,3/9/2024,pending
1075,8546,8983,3739500,3/8/2024,pending
1076,8525,8976,567000,3/8/2024,pending
1077,8513,8973,117000,3/8/2024,pending
1078,8913,8957,1894500,3/8/2024,pending
1079,9958,8933,1174500,3/8/2024,pending
1080,8246,8932,1669500,3/8/2024,pending
1081,8112,8918,3874500,3/8/2024,pending
1082,7505,8819,3739500,3/8/2024,pending
1083,6966,8725,1827000,3/8/2024,pending
1084,6792,8697,1197000,3/8/2024,pending
1085,6568,8652,139500,3/8/2024,pending
1086,6484,8638,1197000,3/8/2024,pending
1087,5581,8480,1647000,3/8/2024,pending
1088,4964,8377,1827000,3/8/2024,pending
1089,4880,8358,4032000,3/8/2024,pending
1090,4847,8352,3087000,3/8/2024,pending
1091,4788,8339,4279500,3/8/2024,pending
1092,4614,8313,3064500,3/8/2024,pending
1093,4346,8276,1534500,3/8/2024,pending
1094,9598,8276,1264500,3/8/2024,pending
1095,4217,8254,792000,3/8/2024,pending
1096,4151,8244,1399500,3/8/2024,pending
1097,4005,8222,3312000,3/8/2024,pending
1098,3998,8219,1782000,3/8/2024,pending
1099,3630,8165,2074500,3/8/2024,pending
1100,3373,8117,2187000,3/8/2024,pending
1101,3295,8103,477000,3/8/2024,pending
1102,3177,8088,1939500,3/8/2024,pending
1103,3151,8082,1332000,3/8/2024,pending
1104,9282,8037,1624500,3/8/2024,pending
1105,7960,3904,1890,3/8/2024,pending
1106,7881,3894,270,3/8/2024,pending
1107,7548,3830,2160,3/8/2024,pending
1108,7300,3792,3510,3/8/2024,pending
1109,7249,3779,990,3/8/2024,pending
1110,6646,3689,810,3/8/2024,pending
1111,9861,3647,2070,3/8/2024,pending
1112,9051,3589,3150,3/8/2024,pending
1113,8921,3458,2790,3/8/2024,pending
1114,5165,3438,3060,3/8/2024,pending
1115,4841,3382,1710,3/8/2024,pending
1116,4784,3371,4050,3/8/2024,pending
1117,9845,3341,1800,3/8/2024,pending
1118,4463,3328,3240,3/8/2024,pending
1119,4454,3327,2070,3/8/2024,pending
1120,4361,3304,3780,3/8/2024,pending
1121,9824,3272,3150,3/8/2024,pending
1122,4066,3250,2160,3/8/2024,pending
1123,3766,3196,1080,3/8/2024,pending
1124,3394,3138,4050,3/8/2024,pending
1125,3047,3079,2700,3/8/2024,pending
1126,2893,3051,1350,3/8/2024,pending
1127,2830,3035,4320,3/8/2024,pending
1128,2816,3034,360,3/8/2024,pending
1129,8756,8989,2029500,3/7/2024,pending
1130,8554,8985,1849500,3/7/2024,pending
1131,8533,8979,2614500,3/7/2024,pending
1132,8068,8909,679500,3/7/2024,pending
1133,7409,8797,4009500,3/7/2024,pending
1134,7370,8790,792000,3/7/2024,pending
1135,7127,8756,252000,3/7/2024,pending
1136,8659,8735,814500,3/7/2024,pending
1137,6945,8721,297000,3/7/2024,pending
1138,6089,8565,4122000,3/7/2024,pending
1139,5772,8522,1534500,3/7/2024,pending
1140,5686,8507,252000,3/7/2024,pending
1141,5600,8485,2367000,3/7/2024,pending
1142,9777,8482,657000,3/7/2024,pending
1143,5472,8462,3559500,3/7/2024,pending
1144,5099,8402,139500,3/7/2024,pending
1145,4982,8383,1219500,3/7/2024,pending
1146,4779,8335,4324500,3/7/2024,pending
1147,4080,8233,2097000,3/7/2024,pending
1148,3635,8166,1872000,3/7/2024,pending
1149,3074,8075,3784500,3/7/2024,pending
1150,2803,8035,1624500,3/7/2024,pending
1151,2764,8028,2772000,3/7/2024,pending
1152,8328,3968,4410,3/7/2024,pending
1153,8199,3939,810,3/7/2024,pending
1154,7684,3860,270,3/7/2024,pending
1155,7579,3836,3600,3/7/2024,pending
1156,7299,3791,3150,3/7/2024,pending
1157,7042,3745,3150,3/7/2024,pending
1158,8588,3722,540,3/7/2024,pending
1159,6757,3707,900,3/7/2024,pending
1160,9540,3692,360,3/7/2024,pending
1161,6355,3637,1980,3/7/2024,pending
1162,6169,3602,3150,3/7/2024,pending
1163,6060,3581,1710,3/7/2024,pending
1164,5186,3440,4230,3/7/2024,pending
1165,5063,3418,4590,3/7/2024,pending
1166,4890,3390,1710,3/7/2024,pending
1167,4866,3388,4500,3/7/2024,pending
1168,4855,3386,180,3/7/2024,pending
1169,4415,3318,3600,3/7/2024,pending
1170,4345,3300,1260,3/7/2024,pending
1171,3966,3230,1980,3/7/2024,pending
1172,3671,3183,450,3/7/2024,pending
1173,3648,3178,1530,3/7/2024,pending
1174,3315,3126,4050,3/7/2024,pending
1175,3141,3100,1260,3/7/2024,pending
1176,2891,3050,360,3/7/2024,pending
1177,2686,3019,3240,3/7/2024,pending
1178,9801,3002,4320,3/7/2024,pending
1179,9707,8966,1939500,3/6/2024,pending
1180,8201,8926,432000,3/6/2024,pending
1181,7993,8896,2682000,3/6/2024,pending
1182,7732,8848,2524500,3/6/2024,pending
1183,7652,8837,4279500,3/6/2024,pending
1184,7501,8815,612000,3/6/2024,pending
1185,9585,8776,3064500,3/6/2024,pending
1186,5858,8535,2322000,3/6/2024,pending
1187,5765,8520,3132000,3/6/2024,pending
1188,5555,8476,4099500,3/6/2024,pending
1189,9114,8415,747000,3/6/2024,pending
1190,9665,8365,229500,3/6/2024,pending
1191,4655,8319,3132000,3/6/2024,pending
1192,4490,8297,814500,3/6/2024,pending
1193,4427,8287,1489500,3/6/2024,pending
1194,9304,8194,3199500,3/6/2024,pending
1195,8824,8165,2479500,3/6/2024,pending
1196,3530,8142,2232000,3/6/2024,pending
1197,3006,8062,4459500,3/6/2024,pending
1198,2897,8048,2164500,3/6/2024,pending
1199,2771,8029,3357000,3/6/2024,pending
1200,2735,8025,1377000,3/6/2024,pending
1201,2725,8019,1129500,3/6/2024,pending
1202,8577,3984,2340,3/6/2024,pending
1203,8235,3946,4590,3/6/2024,pending
1204,8060,3921,1080,3/6/2024,pending
1205,7996,3911,2970,3/6/2024,pending
1206,7318,3797,2880,3/6/2024,pending
1207,6915,3732,3600,3/6/2024,pending
1208,6732,3703,2250,3/6/2024,pending
1209,8828,3695,3960,3/6/2024,pending
1210,6414,3648,4410,3/6/2024,pending
1211,5815,3531,900,3/6/2024,pending
1212,5696,3516,720,3/6/2024,pending
1213,9842,3453,3870,3/6/2024,pending
1214,9076,3309,3690,3/6/2024,pending
1215,4357,3302,810,3/6/2024,pending
1216,3346,3131,2340,3/6/2024,pending
1217,3137,3098,630,3/6/2024,pending
1218,3132,3097,1080,3/6/2024,pending
1219,9313,3018,2430,3/6/2024,pending
1220,8503,3013,450,3/6/2024,pending
1221,8486,8968,634500,3/5/2024,pending
1222,9343,8958,2682000,3/5/2024,pending
1223,7829,8864,2637000,3/5/2024,pending
1224,7160,8762,207000,3/5/2024,pending
1225,6862,8705,1242000,3/5/2024,pending
1226,6637,8666,1264500,3/5/2024,pending
1227,6629,8663,1579500,3/5/2024,pending
1228,6572,8653,2659500,3/5/2024,pending
1229,6154,8574,207000,3/5/2024,pending
1230,6073,8563,904500,3/5/2024,pending
1231,5504,8469,2412000,3/5/2024,pending
1232,5094,8399,2164500,3/5/2024,pending
1233,4925,8368,2637000,3/5/2024,pending
1234,9905,8342,2727000,3/5/2024,pending
1235,3796,8190,4482000,3/5/2024,pending
1236,3740,8180,409500,3/5/2024,pending
1237,3569,8152,4527000,3/5/2024,pending
1238,3512,8140,567000,3/5/2024,pending
1239,9634,8118,1849500,3/5/2024,pending
1240,3161,8085,657000,3/5/2024,pending
1241,2805,8036,2367000,3/5/2024,pending
1242,8343,3975,4230,3/5/2024,pending
1243,8322,3966,2700,3/5/2024,pending
1244,8304,3960,180,3/5/2024,pending
1245,8267,3952,2700,3/5/2024,pending
1246,9341,3853,1710,3/5/2024,pending
1247,7339,3804,2880,3/5/2024,pending
1248,7211,3770,720,3/5/2024,pending
1249,9320,3752,2610,3/5/2024,pending
1250,7061,3748,990,3/5/2024,pending
1251,6708,3699,1890,3/5/2024,pending
1252,5345,3464,3600,3/5/2024,pending
1253,5083,3421,270,3/5/2024,pending
1254,8606,3344,1980,3/5/2024,pending
1255,4450,3325,2340,3/5/2024,pending
1256,4445,3322,4410,3/5/2024,pending
1257,8615,3268,2880,3/5/2024,pending
1258,4057,3246,3870,3/5/2024,pending
1259,3871,3211,540,3/5/2024,pending
1260,9765,3187,3420,3/5/2024,pending
1261,3372,3134,2610,3/5/2024,pending
1262,8699,3111,2070,3/5/2024,pending
1263,3181,3107,1980,3/5/2024,pending
1264,3172,3105,2790,3/5/2024,pending
1265,3109,3091,1710,3/5/2024,pending
1266,2945,3061,1980,3/5/2024,pending
1267,2617,3001,900,3/5/2024,pending
1268,8597,3001,630,3/5/2024,pending
1269,9878,8982,3649500,3/4/2024,pending
1270,8008,8900,2434500,3/4/2024,pending
1271,7978,8892,1219500,3/4/2024,pending
1272,9083,8883,2142000,3/4/2024,pending
1273,6949,8722,1399500,3/4/2024,pending
1274,6586,8655,3807000,3/4/2024,pending
1275,6091,8566,1579500,3/4/2024,pending
1276,9145,8492,1444500,3/4/2024,pending
1277,5526,8474,2907000,3/4/2024,pending
1278,5341,8441,1174500,3/4/2024,pending
1279,5224,8425,3762000,3/4/2024,pending
1280,4986,8384,94500,3/4/2024,pending
1281,4816,8346,4077000,3/4/2024,pending
1282,4792,8341,1804500,3/4/2024,pending
1283,4522,8303,1287000,3/4/2024,pending
1284,4464,8292,2007000,3/4/2024,pending
1285,8767,8276,2187000,3/4/2024,pending
1286,3979,8218,4504500,3/4/2024,pending
1287,3545,8145,3312000,3/4/2024,pending
1288,3405,8121,4482000,3/4/2024,pending
1289,3121,8078,3424500,3/4/2024,pending
1290,3063,8072,1107000,3/4/2024,pending
1291,8770,8014,1332000,3/4/2024,pending
1292,8435,3996,180,3/4/2024,pending
1293,9586,3989,2070,3/4/2024,pending
1294,8126,3928,540,3/4/2024,pending
1295,7883,3895,720,3/4/2024,pending
1296,7366,3808,1800,3/4/2024,pending
1297,7345,3805,990,3/4/2024,pending
1298,7082,3752,2880,3/4/2024,pending
1299,6226,3616,900,3/4/2024,pending
1300,8750,3560,540,3/4/2024,pending
1301,5933,3556,3510,3/4/2024,pending
1302,5880,3547,3240,3/4/2024,pending
1303,5804,3530,720,3/4/2024,pending
1304,5753,3523,3240,3/4/2024,pending
1305,9652,3450,2070,3/4/2024,pending
1306,5062,3417,180,3/4/2024,pending
1307,8899,3415,4230,3/4/2024,pending
1308,5035,3413,3060,3/4/2024,pending
1309,5009,3405,3600,3/4/2024,pending
1310,4629,3349,2430,3/4/2024,pending
1311,4359,3303,1620,3/4/2024,pending
1312,4308,3296,900,3/4/2024,pending
1313,4169,3265,450,3/4/2024,pending
1314,4077,3252,4050,3/4/2024,pending
1315,4039,3243,2340,3/4/2024,pending
1316,3769,3197,4230,3/4/2024,pending
1317,3434,3143,4050,3/4/2024,pending
1318,3089,3088,3690,3/4/2024,pending
1319,9543,3073,2340,3/4/2024,pending
1320,2929,3059,4230,3/4/2024,pending
1321,8583,8989,567000,3/3/2024,pending
1322,8882,8980,1039500,3/3/2024,pending
1323,8495,8971,3042000,3/3/2024,pending
1324,8468,8964,2344500,3/3/2024,pending
1325,7977,8891,3447000,3/3/2024,pending
1326,8744,8823,2749500,3/3/2024,pending
1327,7503,8817,2344500,3/3/2024,pending
1328,7143,8760,4482000,3/3/2024,pending
1329,8900,8744,837000,3/3/2024,pending
1330,7016,8738,3469500,3/3/2024,pending
1331,6990,8734,2029500,3/3/2024,pending
1332,9638,8729,2659500,3/3/2024,pending
1333,6962,8723,4459500,3/3/2024,pending
1334,6751,8688,679500,3/3/2024,pending
1335,8971,8661,342000,3/3/2024,pending
1336,6564,8651,882000,3/3/2024,pending
1337,6423,8623,1849500,3/3/2024,pending
1338,6406,8620,1467000,3/3/2024,pending
1339,5948,8545,2277000,3/3/2024,pending
1340,5615,8489,1557000,3/3/2024,pending
1341,5566,8478,184500,3/3/2024,pending
1342,5564,8477,522000,3/3/2024,pending
1343,4908,8365,994500,3/3/2024,pending
1344,9164,8340,3627000,3/3/2024,pending
1345,4781,8336,814500,3/3/2024,pending
1346,4494,8298,3514500,3/3/2024,pending
1347,4290,8265,4257000,3/3/2024,pending
1348,9713,8167,4482000,3/3/2024,pending
1349,3432,8125,364500,3/3/2024,pending
1350,3348,8112,1017000,3/3/2024,accepted
1351,3345,8111,4369500,3/3/2024,accepted
1352,9035,8111,3222000,3/3/2024,accepted
1353,2786,8033,4009500,3/3/2024,accepted
1354,8409,3989,3510,3/3/2024,accepted
1355,8332,3970,1530,3/3/2024,accepted
1356,8316,3964,3330,3/3/2024,accepted
1357,8277,3954,2340,3/3/2024,accepted
1358,7904,3897,4590,3/3/2024,accepted
1359,7863,3891,450,3/3/2024,accepted
1360,7523,3828,1530,3/3/2024,accepted
1361,7466,3821,3870,3/3/2024,accepted
1362,7372,3809,2970,3/3/2024,accepted
1363,7248,3778,4050,3/3/2024,accepted
1364,8698,3770,1710,3/3/2024,accepted
1365,8573,3740,2520,3/3/2024,accepted
1366,6879,3724,4230,3/3/2024,accepted
1367,8855,3718,4590,3/3/2024,accepted
1368,6821,3714,3240,3/3/2024,accepted
1369,6210,3615,3510,3/3/2024,accepted
1370,5932,3555,4050,3/3/2024,accepted
1371,5594,3503,810,3/3/2024,accepted
1372,5421,3477,3240,3/3/2024,accepted
1373,5384,3470,990,3/3/2024,accepted
1374,5187,3441,2520,3/3/2024,accepted
1375,4291,3292,2610,3/3/2024,accepted
1376,4178,3269,4230,3/3/2024,accepted
1377,9414,3264,3870,3/3/2024,accepted
1378,9309,3254,270,3/3/2024,accepted
1379,4086,3253,3690,3/3/2024,accepted
1380,3822,3203,630,3/3/2024,accepted
1381,3643,3176,1530,3/3/2024,accepted
1382,9224,3116,270,3/3/2024,accepted
1383,3122,3093,2880,3/3/2024,accepted
1384,8075,8913,792000,3/2/2024,accepted
1385,7452,8807,4167000,3/2/2024,accepted
1386,7311,8784,972000,3/2/2024,accepted
1387,7308,8783,859500,3/2/2024,accepted
1388,7135,8758,2997000,3/2/2024,accepted
1389,7025,8740,3177000,3/2/2024,accepted
1390,6456,8630,4459500,3/2/2024,accepted
1391,6443,8626,3627000,3/2/2024,accepted
1392,5593,8484,1692000,3/2/2024,accepted
1393,5445,8456,2412000,3/2/2024,accepted
1394,4559,8307,1602000,3/2/2024,accepted
1395,4354,8279,2502000,3/2/2024,accepted
1396,9045,8261,3222000,3/2/2024,accepted
1397,4216,8253,882000,3/2/2024,accepted
1398,3779,8187,3739500,3/2/2024,accepted
1399,3751,8183,4504500,3/2/2024,accepted
1400,3708,8174,2547000,3/2/2024,accepted
1401,3607,8160,162000,3/2/2024,accepted
1402,3532,8143,3042000,3/2/2024,accepted
1403,3414,8123,3649500,3/2/2024,accepted
1404,3381,8118,3897000,3/2/2024,accepted
1405,3175,8087,2502000,3/2/2024,accepted
1406,8367,3980,900,3/2/2024,accepted
1407,8697,3961,720,3/2/2024,accepted
1408,7770,3877,1260,3/2/2024,accepted
1409,7708,3866,360,3/2/2024,accepted
1410,9303,3864,1440,3/2/2024,accepted
1411,7319,3798,1710,3/2/2024,accepted
1412,9923,3733,4320,3/2/2024,accepted
1413,6856,3718,630,3/2/2024,accepted
1414,6581,3676,4050,3/2/2024,accepted
1415,6421,3650,270,3/2/2024,accepted
1416,6157,3599,3510,3/2/2024,accepted
1417,9579,3591,3240,3/2/2024,accepted
1418,5997,3568,3870,3/2/2024,accepted
1419,5995,3567,4410,3/2/2024,accepted
1420,5900,3550,1440,3/2/2024,accepted
1421,5720,3518,1620,3/2/2024,accepted
1422,5559,3495,2430,3/2/2024,accepted
1423,5210,3446,3330,3/2/2024,accepted
1424,8614,3409,3780,3/2/2024,accepted
1425,4987,3399,270,3/2/2024,accepted
1426,9194,3397,3960,3/2/2024,accepted
1427,4714,3363,360,3/2/2024,accepted
1428,9154,3315,3150,3/2/2024,accepted
1429,4212,3278,720,3/2/2024,accepted
1430,3972,3231,450,3/2/2024,accepted
1431,9437,3181,990,3/2/2024,accepted
1432,3489,3148,990,3/2/2024,accepted
1433,8945,8999,2637000,3/1/2024,accepted
1434,8553,8984,1422000,3/1/2024,accepted
1435,8237,8931,1669500,3/1/2024,accepted
1436,8079,8914,3514500,3/1/2024,accepted
1437,8074,8912,1287000,3/1/2024,accepted
1438,7865,8869,3492000,3/1/2024,accepted
1439,7504,8818,1039500,3/1/2024,accepted
1440,7068,8744,2209500,3/1/2024,accepted
1441,6713,8680,859500,3/1/2024,accepted
1442,9360,8593,3987000,3/1/2024,accepted
1443,6208,8583,522000,3/1/2024,accepted
1444,5967,8547,3357000,3/1/2024,accepted
1445,5810,8528,2704500,3/1/2024,accepted
1446,5662,8501,409500,3/1/2024,accepted
1447,5624,8491,792000,3/1/2024,accepted
1448,5497,8468,1444500,3/1/2024,accepted
1449,5404,8449,2974500,3/1/2024,accepted
1450,5335,8439,2592000,3/1/2024,accepted
1451,5149,8414,1759500,3/1/2024,accepted
1452,4703,8326,2367000,3/1/2024,accepted
1453,4421,8284,4122000,3/1/2024,accepted
1454,9046,8275,364500,3/1/2024,accepted
1455,4259,8257,792000,3/1/2024,accepted
1456,4036,8224,162000,3/1/2024,accepted
1457,3616,8162,1264500,3/1/2024,accepted
1458,9821,8148,522000,3/1/2024,accepted
1459,2858,8043,747000,3/1/2024,accepted
1460,2614,8002,3829500,3/1/2024,accepted
1461,9612,3992,2790,3/1/2024,accepted
1462,8368,3981,2250,3/1/2024,accepted
1463,8188,3936,2970,3/1/2024,accepted
1464,8024,3915,4590,3/1/2024,accepted
1465,7772,3878,3600,3/1/2024,accepted
1466,9169,3875,3060,3/1/2024,accepted
1467,7703,3863,4230,3/1/2024,accepted
1468,9184,3839,3690,3/1/2024,accepted
1469,7440,3820,630,3/1/2024,accepted
1470,7402,3815,1350,3/1/2024,accepted
1471,7328,3801,720,3/1/2024,accepted
1472,7263,3784,4410,3/1/2024,accepted
1473,7134,3760,720,3/1/2024,accepted
1474,6674,3694,2430,3/1/2024,accepted
1475,6551,3670,1440,3/1/2024,accepted
1476,6482,3659,3510,3/1/2024,accepted
1477,6427,3651,2610,3/1/2024,accepted
1478,6313,3627,1350,3/1/2024,accepted
1479,6242,3618,3420,3/1/2024,accepted
1480,8479,3590,4140,3/1/2024,accepted
1481,5199,3444,2520,3/1/2024,accepted
1482,4682,3359,4140,3/1/2024,accepted
1483,4540,3335,3240,3/1/2024,accepted
1484,4185,3271,4320,3/1/2024,accepted
1485,4095,3256,3960,3/1/2024,accepted
1486,8702,3186,900,3/1/2024,accepted
1487,9472,3156,2610,3/1/2024,accepted
1488,3066,3084,1620,3/1/2024,accepted
1489,8504,8972,2749500,2/29/2024,accepted
1490,8320,8941,1827000,2/29/2024,accepted
1491,8284,8937,679500,2/29/2024,accepted
1492,8002,8897,4077000,2/29/2024,accepted
1493,7342,8789,4122000,2/29/2024,accepted
1494,7288,8779,49500,2/29/2024,accepted
1495,8766,8738,3919500,2/29/2024,accepted
1496,6998,8735,2547000,2/29/2024,accepted
1497,6836,8703,1152000,2/29/2024,accepted
1498,6617,8661,3649500,2/29/2024,accepted
1499,6272,8595,2884500,2/29/2024,accepted
1500,6113,8569,3897000,2/29/2024,accepted
1501,9167,8562,2007000,2/29/2024,accepted
1502,5437,8453,3492000,2/29/2024,accepted
1503,5271,8429,2907000,2/29/2024,accepted
1504,4782,8337,4527000,2/29/2024,accepted
1505,4766,8333,3672000,2/29/2024,accepted
1506,4751,8331,1467000,2/29/2024,accepted
1507,4541,8305,4144500,2/29/2024,accepted
1508,4312,8269,3604500,2/29/2024,accepted
1509,9711,8256,2232000,2/29/2024,accepted
1510,3942,8211,2367000,2/29/2024,accepted
1511,3784,8188,2142000,2/29/2024,accepted
1512,3611,8161,3919500,2/29/2024,accepted
1513,3564,8150,1129500,2/29/2024,accepted
1514,3352,8113,3942000,2/29/2024,accepted
1515,3187,8090,1017000,2/29/2024,accepted
1516,2947,8052,1287000,2/29/2024,accepted
1517,9079,8033,1624500,2/29/2024,accepted
1518,9031,8015,1084500,2/29/2024,accepted
1519,8366,3979,3690,2/29/2024,accepted
1520,8334,3972,2880,2/29/2024,accepted
1521,8298,3959,4590,2/29/2024,accepted
1522,8259,3951,4590,2/29/2024,accepted
1523,8256,3949,1890,2/29/2024,accepted
1524,9225,3920,1080,2/29/2024,accepted
1525,9287,3910,1260,2/29/2024,accepted
1526,7685,3861,1710,2/29/2024,accepted
1527,7026,3744,1890,2/29/2024,accepted
1528,8620,3718,180,2/29/2024,accepted
1529,6640,3687,2790,2/29/2024,accepted
1530,6554,3671,1170,2/29/2024,accepted
1531,6067,3583,900,2/29/2024,accepted
1532,9851,3514,2970,2/29/2024,accepted
1533,5543,3491,3690,2/29/2024,accepted
1534,9354,3489,1980,2/29/2024,accepted
1535,8989,3471,720,2/29/2024,accepted
1536,5269,3454,4230,2/29/2024,accepted
1537,9790,3426,3420,2/29/2024,accepted
1538,4755,3368,4230,2/29/2024,accepted
1539,4640,3351,2070,2/29/2024,accepted
1540,4372,3306,720,2/29/2024,accepted
1541,4067,3251,630,2/29/2024,accepted
1542,8688,3231,450,2/29/2024,accepted
1543,3938,3222,1170,2/29/2024,accepted
1544,3594,3166,1440,2/29/2024,accepted
1545,9530,3099,3330,2/29/2024,accepted
1546,3085,3087,2700,2/29/2024,accepted
1547,2877,3045,1980,2/29/2024,accepted
1548,8598,8993,4122000,2/28/2024,accepted
1549,8544,8981,2164500,2/28/2024,accepted
1550,8225,8929,3694500,2/28/2024,accepted
1551,8066,8907,477000,2/28/2024,accepted
1552,8057,8905,3604500,2/28/2024,accepted
1553,9359,8905,94500,2/28/2024,accepted
1554,9070,8848,3582000,2/28/2024,accepted
1555,7532,8824,3762000,2/28/2024,accepted
1556,7128,8757,994500,2/28/2024,accepted
1557,6627,8662,4279500,2/28/2024,accepted
1558,6429,8624,1939500,2/28/2024,accepted
1559,6383,8614,4032000,2/28/2024,accepted
1560,6359,8609,4392000,2/28/2024,accepted
1561,9838,8600,2277000,2/28/2024,accepted
1562,6268,8593,432000,2/28/2024,accepted
1563,6034,8554,3942000,2/28/2024,accepted
1564,5917,8539,1602000,2/28/2024,accepted
1565,5650,8499,1152000,2/28/2024,accepted
1566,5648,8498,4144500,2/28/2024,accepted
1567,9819,8482,1714500,2/28/2024,accepted
1568,5328,8436,3942000,2/28/2024,accepted
1569,5262,8428,3942000,2/28/2024,accepted
1570,9929,8375,702000,2/28/2024,accepted
1571,4874,8357,1062000,2/28/2024,accepted
1572,4624,8316,4099500,2/28/2024,accepted
1573,4098,8237,252000,2/28/2024,accepted
1574,9647,8236,1647000,2/28/2024,accepted
1575,9839,8198,3559500,2/28/2024,accepted
1576,9695,8109,3019500,2/28/2024,accepted
1577,2703,8014,3199500,2/28/2024,accepted
1578,8446,3998,3780,2/28/2024,accepted
1579,8431,3995,3060,2/28/2024,accepted
1580,8371,3982,2970,2/28/2024,accepted
1581,9317,3932,1170,2/28/2024,accepted
1582,8080,3922,4320,2/28/2024,accepted
1583,7610,3843,4230,2/28/2024,accepted
1584,7373,3810,4410,2/28/2024,accepted
1585,9542,3796,270,2/28/2024,accepted
1586,8730,3777,2880,2/28/2024,accepted
1587,7133,3759,3510,2/28/2024,accepted
1588,7056,3747,1980,2/28/2024,accepted
1589,8524,3729,1260,2/28/2024,accepted
1590,9533,3725,3870,2/28/2024,accepted
1591,6431,3653,270,2/28/2024,accepted
1592,6185,3606,1890,2/28/2024,accepted
1593,5907,3552,270,2/28/2024,accepted
1594,5881,3548,2610,2/28/2024,accepted
1595,5797,3528,2970,2/28/2024,accepted
1596,5737,3520,2250,2/28/2024,accepted
1597,5358,3467,3960,2/28/2024,accepted
1598,5131,3431,2340,2/28/2024,accepted
1599,8975,3388,1980,2/28/2024,accepted
1600,4129,3261,2790,2/28/2024,accepted
1601,4097,3257,900,2/28/2024,accepted
1602,9615,3230,2970,2/28/2024,accepted
1603,3201,3111,4320,2/28/2024,accepted
1604,9947,3047,450,2/28/2024,accepted
1605,8291,8938,1737000,2/27/2024,accepted
1606,9259,8915,2029500,2/27/2024,accepted
1607,7979,8893,1264500,2/27/2024,accepted
1608,9901,8800,1264500,2/27/2024,accepted
1609,6985,8731,3874500,2/27/2024,accepted
1610,6823,8701,994500,2/27/2024,accepted
1611,6726,8684,4324500,2/27/2024,accepted
1612,6236,8587,2007000,2/27/2024,accepted
1613,5791,8526,2029500,2/27/2024,accepted
1614,5448,8457,1872000,2/27/2024,accepted
1615,5332,8438,2007000,2/27/2024,accepted
1616,4904,8362,544500,2/27/2024,accepted
1617,4562,8308,1152000,2/27/2024,accepted
1618,4542,8306,432000,2/27/2024,accepted
1619,2861,8044,1939500,2/27/2024,accepted
1620,2740,8026,927000,2/27/2024,accepted
1621,2700,8013,634500,2/27/2024,accepted
1622,8427,3994,2160,2/27/2024,accepted
1623,7924,3900,2160,2/27/2024,accepted
1624,7713,3868,3150,2/27/2024,accepted
1625,8565,3853,2070,2/27/2024,accepted
1626,7326,3799,810,2/27/2024,accepted
1627,7259,3783,3330,2/27/2024,accepted
1628,7189,3766,360,2/27/2024,accepted
1629,6896,3730,1980,2/27/2024,accepted
1630,6528,3665,450,2/27/2024,accepted
1631,6508,3662,2250,2/27/2024,accepted
1632,6439,3654,3960,2/27/2024,accepted
1633,5879,3546,180,2/27/2024,accepted
1634,5655,3510,1440,2/27/2024,accepted
1635,5647,3509,3420,2/27/2024,accepted
1636,5626,3506,2520,2/27/2024,accepted
1637,5077,3420,450,2/27/2024,accepted
1638,8494,3367,3960,2/27/2024,accepted
1639,4649,3353,2160,2/27/2024,accepted
1640,9584,3303,540,2/27/2024,accepted
1641,4264,3287,3960,2/27/2024,accepted
1642,4229,3281,4590,2/27/2024,accepted
1643,4174,3267,2070,2/27/2024,accepted
1644,4171,3266,180,2/27/2024,accepted
1645,4144,3264,3960,2/27/2024,accepted
1646,4014,3238,3960,2/27/2024,accepted
1647,3886,3215,2430,2/27/2024,accepted
1648,3723,3192,3330,2/27/2024,accepted
1649,9554,3147,630,2/27/2024,accepted
1650,3225,3112,1170,2/27/2024,accepted
1651,3174,3106,360,2/27/2024,accepted
1652,2938,3060,4320,2/27/2024,accepted
1653,2679,3018,1890,2/27/2024,accepted
1654,2655,3012,2070,2/27/2024,accepted
1655,8801,3012,4050,2/27/2024,accepted
1656,8203,8927,859500,2/26/2024,accepted
1657,7871,8871,2524500,2/26/2024,accepted
1658,7835,8865,2524500,2/26/2024,accepted
1659,7795,8859,2682000,2/26/2024,accepted
1660,7639,8836,4257000,2/26/2024,accepted
1661,7540,8825,94500,2/26/2024,accepted
1662,7103,8752,2412000,2/26/2024,accepted
1663,6838,8704,2209500,2/26/2024,accepted
1664,6536,8647,949500,2/26/2024,accepted
1665,6460,8631,207000,2/26/2024,accepted
1666,6166,8576,4414500,2/26/2024,accepted
1667,5730,8513,3402000,2/26/2024,accepted
1668,5299,8433,162000,2/26/2024,accepted
1669,5193,8420,3379500,2/26/2024,accepted
1670,5128,8408,3042000,2/26/2024,accepted
1671,4683,8322,3267000,2/26/2024,accepted
1672,9468,8142,4437000,2/26/2024,accepted
1673,3325,8107,2614500,2/26/2024,accepted
1674,8738,8107,1332000,2/26/2024,accepted
1675,2876,8046,4392000,2/26/2024,accepted
1676,2784,8032,3852000,2/26/2024,accepted
1677,8338,3973,720,2/26/2024,accepted
1678,8242,3948,3600,2/26/2024,accepted
1679,8037,3916,1170,2/26/2024,accepted
1680,9907,3889,3060,2/26/2024,accepted
1681,9426,3825,1440,2/26/2024,accepted
1682,7365,3807,990,2/26/2024,accepted
1683,7295,3790,2880,2/26/2024,accepted
1684,7020,3743,2880,2/26/2024,accepted
1685,6894,3728,3060,2/26/2024,accepted
1686,6685,3696,4500,2/26/2024,accepted
1687,5866,3543,1170,2/26/2024,accepted
1688,5719,3517,1170,2/26/2024,accepted
1689,9310,3480,2340,2/26/2024,accepted
1690,5150,3435,2520,2/26/2024,accepted
1691,5019,3409,4230,2/26/2024,accepted
1692,9989,3361,3870,2/26/2024,accepted
1693,4474,3331,3240,2/26/2024,accepted
1694,4391,3313,3150,2/26/2024,accepted
1695,8825,3313,3780,2/26/2024,accepted
1696,4381,3308,3510,2/26/2024,accepted
1697,3800,3200,1890,2/26/2024,accepted
1698,3521,3156,1980,2/26/2024,accepted
1699,3033,3075,2520,2/26/2024,accepted
1700,8456,8959,207000,2/25/2024,accepted
1701,8424,8954,4234500,2/25/2024,accepted
1702,8962,8954,2704500,2/25/2024,accepted
1703,8312,8940,2569500,2/25/2024,accepted
1704,8208,8928,72000,2/25/2024,accepted
1705,7909,8877,2457000,2/25/2024,accepted
1706,7757,8854,2142000,2/25/2024,accepted
1707,7711,8846,4077000,2/25/2024,accepted
1708,7694,8843,1354500,2/25/2024,accepted
1709,7519,8821,2637000,2/25/2024,accepted
1710,7469,8810,1219500,2/25/2024,accepted
1711,8946,8794,1624500,2/25/2024,accepted
1712,9252,8770,454500,2/25/2024,accepted
1713,6919,8715,4302000,2/25/2024,accepted
1714,9761,8699,364500,2/25/2024,accepted
1715,6784,8694,2839500,2/25/2024,accepted
1716,6767,8692,3357000,2/25/2024,accepted
1717,6718,8682,4032000,2/25/2024,accepted
1718,6547,8649,2502000,2/25/2024,accepted
1719,6506,8641,2029500,2/25/2024,accepted
1720,6473,8636,657000,2/25/2024,accepted
1721,6329,8602,387000,2/25/2024,accepted
1722,6201,8581,1197000,2/25/2024,accepted
1723,5683,8506,1062000,2/25/2024,accepted
1724,5486,8465,3042000,2/25/2024,accepted
1725,8901,8414,184500,2/25/2024,accepted
1726,5145,8411,814500,2/25/2024,accepted
1727,4934,8371,4347000,2/25/2024,accepted
1728,4713,8327,3717000,2/25/2024,accepted
1729,3883,8205,769500,2/25/2024,accepted
1730,3808,8192,4414500,2/25/2024,accepted
1731,3605,8159,454500,2/25/2024,accepted
1732,3507,8139,679500,2/25/2024,accepted
1733,3244,8095,2142000,2/25/2024,accepted
1734,2718,8018,2772000,2/25/2024,accepted
1735,9091,3974,2970,2/25/2024,accepted
1736,9055,3972,1890,2/25/2024,accepted
1737,8321,3965,1080,2/25/2024,accepted
1738,8285,3956,810,2/25/2024,accepted
1739,9696,3918,2790,2/25/2024,accepted
1740,7940,3902,4140,2/25/2024,accepted
1741,7258,3782,2790,2/25/2024,accepted
1742,6886,3726,2520,2/25/2024,accepted
1743,6776,3709,2340,2/25/2024,accepted
1744,8535,3709,2430,2/25/2024,accepted
1745,6743,3705,4320,2/25/2024,accepted
1746,6440,3655,3960,2/25/2024,accepted
1747,6289,3624,3330,2/25/2024,accepted
1748,6284,3623,1980,2/25/2024,accepted
1749,9130,3612,3780,2/25/2024,accepted
1750,6191,3609,630,2/25/2024,accepted
1751,6187,3607,2880,2/25/2024,accepted
1752,6134,3595,1620,2/25/2024,accepted
1753,6099,3589,3690,2/25/2024,accepted
1754,6095,3588,720,2/25/2024,accepted
1755,6004,3571,1440,2/25/2024,accepted
1756,5608,3505,4230,2/25/2024,accepted
1757,5351,3466,3330,2/25/2024,accepted
1758,9887,3439,2250,2/25/2024,accepted
1759,9084,3436,1260,2/25/2024,accepted
1760,5140,3433,2250,2/25/2024,accepted
1761,4846,3383,1350,2/25/2024,accepted
1762,4789,3373,2340,2/25/2024,accepted
1763,4638,3350,4230,2/25/2024,accepted
1764,4544,3336,2250,2/25/2024,accepted
1765,4412,3317,810,2/25/2024,accepted
1766,9536,3306,3600,2/25/2024,accepted
1767,8665,3284,4050,2/25/2024,accepted
1768,4232,3282,2970,2/25/2024,accepted
1769,4092,3255,1440,2/25/2024,accepted
1770,3994,3234,3780,2/25/2024,accepted
1771,3964,3229,720,2/25/2024,accepted
1772,3397,3139,2520,2/25/2024,accepted
1773,3304,3123,2880,2/25/2024,accepted
1774,3096,3089,1890,2/25/2024,accepted
1775,2915,3056,3600,2/25/2024,accepted
1776,2836,3036,1440,2/25/2024,accepted
1777,8467,8963,2277000,2/24/2024,accepted
1778,9899,8908,3784500,2/24/2024,accepted
1779,7922,8878,4167000,2/24/2024,accepted
1780,7621,8834,1939500,2/24/2024,accepted
1781,7446,8805,1174500,2/24/2024,accepted
1782,7320,8785,4234500,2/24/2024,accepted
1783,6535,8646,117000,2/24/2024,accepted
1784,6449,8629,3807000,2/24/2024,accepted
1785,6393,8616,679500,2/24/2024,accepted
1786,6252,8589,4009500,2/24/2024,accepted
1787,5463,8460,1939500,2/24/2024,accepted
1788,5422,8452,1512000,2/24/2024,accepted
1789,5214,8423,2817000,2/24/2024,accepted
1790,5178,8417,3739500,2/24/2024,accepted
1791,9822,8395,2704500,2/24/2024,accepted
1792,5032,8390,1984500,2/24/2024,accepted
1793,4906,8363,3244500,2/24/2024,accepted
1794,4902,8361,2862000,2/24/2024,accepted
1795,4819,8347,2389500,2/24/2024,accepted
1796,4701,8325,4212000,2/24/2024,accepted
1797,9339,8316,4077000,2/24/2024,accepted
1798,4152,8245,3177000,2/24/2024,accepted
1799,3866,8202,117000,2/24/2024,accepted
1800,3733,8177,3177000,2/24/2024,accepted
1801,3589,8157,319500,2/24/2024,accepted
1802,3577,8154,1782000,2/24/2024,accepted
1803,3488,8136,4527000,2/24/2024,accepted
1804,9948,8128,432000,2/24/2024,accepted
1805,3353,8114,1152000,2/24/2024,accepted
1806,2952,8053,747000,2/24/2024,accepted
1807,8220,3941,1890,2/24/2024,accepted
1808,9125,3932,3060,2/24/2024,accepted
1809,7830,3888,1440,2/24/2024,accepted
1810,7734,3873,1440,2/24/2024,accepted
1811,8817,3856,1710,2/24/2024,accepted
1812,7667,3854,1620,2/24/2024,accepted
1813,7381,3812,3780,2/24/2024,accepted
1814,7049,3746,900,2/24/2024,accepted
1815,9528,3733,2880,2/24/2024,accepted
1816,6105,3590,900,2/24/2024,accepted
1817,9061,3574,3690,2/24/2024,accepted
1818,5728,3519,3150,2/24/2024,accepted
1819,5413,3475,3510,2/24/2024,accepted
1820,5290,3458,540,2/24/2024,accepted
1821,4903,3393,180,2/24/2024,accepted
1822,4700,3362,1440,2/24/2024,accepted
1823,4343,3299,1890,2/24/2024,accepted
1824,4247,3284,1620,2/24/2024,accepted
1825,3629,3174,3420,2/24/2024,accepted
1826,3520,3155,1080,2/24/2024,accepted
1827,3314,3125,2430,2/24/2024,accepted
1828,3166,3104,900,2/24/2024,accepted
1829,2874,3044,900,2/24/2024,accepted
1830,8584,8990,2794500,2/23/2024,accepted
1831,8452,8957,2839500,2/23/2024,accepted
1832,7808,8860,2209500,2/23/2024,accepted
1833,7753,8852,837000,2/23/2024,accepted
1834,7614,8832,702000,2/23/2024,accepted
1835,7565,8828,2232000,2/23/2024,accepted
1836,9553,8817,1669500,2/23/2024,accepted
1837,7417,8799,994500,2/23/2024,accepted
1838,6760,8691,1309500,2/23/2024,accepted
1839,6475,8637,792000,2/23/2024,accepted
1840,6214,8585,4279500,2/23/2024,accepted
1841,5919,8540,3784500,2/23/2024,accepted
1842,5630,8492,589500,2/23/2024,accepted
1843,5142,8409,3739500,2/23/2024,accepted
1844,4586,8310,1512000,2/23/2024,accepted
1845,8658,8214,1849500,2/23/2024,accepted
1846,3747,8181,3042000,2/23/2024,accepted
1847,3710,8175,1084500,2/23/2024,accepted
1848,3695,8171,2232000,2/23/2024,accepted
1849,3168,8086,3379500,2/23/2024,accepted
1850,9067,8085,2592000,2/23/2024,accepted
1851,2806,8037,4032000,2/23/2024,accepted
1852,2730,8021,499500,2/23/2024,accepted
1853,2625,8003,1759500,2/23/2024,accepted
1854,9296,8003,4212000,2/23/2024,accepted
1855,8314,3963,1440,2/23/2024,accepted
1856,8150,3932,450,2/23/2024,accepted
1857,8116,3926,540,2/23/2024,accepted
1858,7950,3903,540,2/23/2024,accepted
1859,7728,3871,1080,2/23/2024,accepted
1860,7651,3852,2430,2/23/2024,accepted
1861,6262,3620,1170,2/23/2024,accepted
1862,5949,3558,1710,2/23/2024,accepted
1863,5883,3549,3870,2/23/2024,accepted
1864,5569,3499,3960,2/23/2024,accepted
1865,8538,3462,540,2/23/2024,accepted
1866,5256,3453,4140,2/23/2024,accepted
1867,5109,3425,3960,2/23/2024,accepted
1868,9900,3324,3960,2/23/2024,accepted
1869,4330,3297,990,2/23/2024,accepted
1870,9970,3214,180,2/23/2024,accepted
1871,3813,3201,1440,2/23/2024,accepted
1872,9859,3170,1980,2/23/2024,accepted
1873,3459,3146,4590,2/23/2024,accepted
1874,3401,3140,1620,2/23/2024,accepted
1875,3024,3073,2880,2/23/2024,accepted
1876,2660,3013,2070,2/23/2024,accepted
1877,8464,8961,2839500,2/22/2024,accepted
1878,8391,8950,1759500,2/22/2024,accepted
1879,8336,8944,2097000,2/22/2024,accepted
1880,8108,8917,1467000,2/22/2024,accepted
1881,7956,8888,589500,2/22/2024,accepted
1882,7820,8863,702000,2/22/2024,accepted
1883,7727,8847,1444500,2/22/2024,accepted
1884,7691,8842,904500,2/22/2024,accepted
1885,7419,8800,2209500,2/22/2024,accepted
1886,7063,8743,3402000,2/22/2024,accepted
1887,6987,8732,2862000,2/22/2024,accepted
1888,6871,8707,1377000,2/22/2024,accepted
1889,6542,8648,2592000,2/22/2024,accepted
1890,6229,8586,2592000,2/22/2024,accepted
1891,6207,8582,2704500,2/22/2024,accepted
1892,6173,8577,1354500,2/22/2024,accepted
1893,5816,8529,319500,2/22/2024,accepted
1894,9424,8393,207000,2/22/2024,accepted
1895,4836,8351,4077000,2/22/2024,accepted
1896,4694,8324,3379500,2/22/2024,accepted
1897,4301,8268,3874500,2/22/2024,accepted
1898,4296,8267,2322000,2/22/2024,accepted
1899,4294,8266,4324500,2/22/2024,accepted
1900,3760,8184,4032000,2/22/2024,accepted
1901,3699,8172,2884500,2/22/2024,accepted
1902,3497,8138,432000,2/22/2024,accepted
1903,3491,8137,792000,2/22/2024,accepted
1904,3296,8104,4392000,2/22/2024,accepted
1905,3154,8083,1534500,2/22/2024,accepted
1906,2683,8010,1287000,2/22/2024,accepted
1907,8394,3985,1890,2/22/2024,accepted
1908,9789,3968,2970,2/22/2024,accepted
1909,8055,3919,360,2/22/2024,accepted
1910,6861,3720,270,2/22/2024,accepted
1911,9860,3704,4230,2/22/2024,accepted
1912,6729,3702,3150,2/22/2024,accepted
1913,6643,3688,630,2/22/2024,accepted
1914,6386,3645,3150,2/22/2024,accepted
1915,5870,3544,3780,2/22/2024,accepted
1916,5744,3522,2250,2/22/2024,accepted
1917,5503,3486,810,2/22/2024,accepted
1918,4924,3395,2880,2/22/2024,accepted
1919,4864,3387,1170,2/22/2024,accepted
1920,8743,3349,3870,2/22/2024,accepted
1921,4479,3332,2070,2/22/2024,accepted
1922,4267,3288,3060,2/22/2024,accepted
1923,4224,3279,4320,2/22/2024,accepted
1924,9855,3218,3060,2/22/2024,accepted
1925,3693,3187,900,2/22/2024,accepted
1926,3625,3172,2430,2/22/2024,accepted
1927,3383,3136,1080,2/22/2024,accepted
1928,3110,3092,4500,2/22/2024,accepted
1929,2908,3053,3330,2/22/2024,accepted
1930,2814,3033,360,2/22/2024,accepted
1931,8545,8982,837000,2/21/2024,accepted
1932,9504,8956,1107000,2/21/2024,accepted
1933,8396,8951,1512000,2/21/2024,accepted
1934,7735,8849,2232000,2/21/2024,accepted
1935,7119,8754,3537000,2/21/2024,accepted
1936,9455,8738,1984500,2/21/2024,accepted
1937,6810,8698,882000,2/21/2024,accepted
1938,6641,8667,3537000,2/21/2024,accepted
1939,6505,8640,319500,2/21/2024,accepted
1940,6462,8633,1467000,2/21/2024,accepted
1941,6380,8613,319500,2/21/2024,accepted
1942,6249,8588,1354500,2/21/2024,accepted
1943,5780,8524,2907000,2/21/2024,accepted
1944,5237,8426,2817000,2/21/2024,accepted
1945,5183,8418,4504500,2/21/2024,accepted
1946,5103,8403,4234500,2/21/2024,accepted
1947,9060,8397,1174500,2/21/2024,accepted
1948,4973,8381,3694500,2/21/2024,accepted
1949,9298,8275,4527000,2/21/2024,accepted
1950,4289,8264,4302000,2/21/2024,accepted
1951,4288,8263,184500,2/21/2024,accepted
1952,4200,8250,2232000,2/21/2024,accepted
1953,4193,8249,4302000,2/21/2024,accepted
1954,9425,8221,1287000,2/21/2024,accepted
1955,3956,8213,2907000,2/21/2024,accepted
1956,8870,8180,3739500,2/21/2024,accepted
1957,3663,8167,814500,2/21/2024,accepted
1958,3585,8156,1827000,2/21/2024,accepted
1959,3568,8151,3897000,2/21/2024,accepted
1960,3363,8115,1107000,2/21/2024,accepted
1961,3283,8099,994500,2/21/2024,accepted
1962,9532,8040,2974500,2/21/2024,accepted
1963,7990,3910,3240,2/21/2024,accepted
1964,7762,3875,1620,2/21/2024,accepted
1965,7712,3867,3510,2/21/2024,accepted
1966,7649,3851,1980,2/21/2024,accepted
1967,9919,3721,540,2/21/2024,accepted
1968,6860,3719,2520,2/21/2024,accepted
1969,6840,3716,990,2/21/2024,accepted
1970,6698,3698,3510,2/21/2024,accepted
1971,6609,3680,1440,2/21/2024,accepted
1972,6597,3679,1260,2/21/2024,accepted
1973,8887,3664,630,2/21/2024,accepted
1974,6459,3658,1350,2/21/2024,accepted
1975,9275,3658,3150,2/21/2024,accepted
1976,6361,3640,990,2/21/2024,accepted
1977,6199,3611,2610,2/21/2024,accepted
1978,6182,3604,3240,2/21/2024,accepted
1979,6023,3576,1620,2/21/2024,accepted
1980,6008,3573,2160,2/21/2024,accepted
1981,5971,3563,1170,2/21/2024,accepted
1982,5423,3478,3420,2/21/2024,accepted
1983,5350,3465,3240,2/21/2024,accepted
1984,5342,3463,540,2/21/2024,accepted
1985,5021,3411,3510,2/21/2024,accepted
1986,4820,3379,1260,2/21/2024,accepted
1987,4813,3378,4230,2/21/2024,accepted
1988,4730,3365,1080,2/21/2024,accepted
1989,4623,3347,1440,2/21/2024,accepted
1990,4618,3346,3240,2/21/2024,accepted
1991,4395,3314,3420,2/21/2024,accepted
1992,4270,3289,1080,2/21/2024,accepted
1993,3982,3232,3420,2/21/2024,accepted
1994,3684,3185,3780,2/21/2024,accepted
1995,2970,3066,1530,2/21/2024,accepted
1996,2953,3064,4140,2/21/2024,accepted
