viewing_id,buyer_id,MLS#,viewing_date,viewing_time
1,5446,8000,6/24/2024,1530
2,5432,7999,4/9/2024,1245
3,5428,7998,4/25/2024,1430
4,5425,7997,4/11/2024,2015
5,5414,7996,7/5/2024,1830
6,5411,7995,4/22/2024,1445
7,5408,7994,7/10/2024,2100
8,5407,7993,7/20/2024,800
9,5403,7992,8/26/2024,1945
10,5397,7991,6/8/2024,815
11,5395,7990,8/16/2024,1300
12,5389,7989,4/25/2024,1830
13,5386,7988,6/16/2024,1200
14,5346,7987,8/26/2024,1000
15,5333,7986,5/2/2024,1015
16,5326,7985,4/17/2024,1345
17,5316,7984,4/12/2024,945
18,5313,7983,7/2/2024,1515
19,5309,7982,6/15/2024,2130
20,5303,7981,6/4/2024,930
21,5294,7980,4/26/2024,1845
22,5287,7979,6/3/2024,815
23,5285,7978,8/3/2024,800
24,5268,7977,4/7/2024,1330
25,5265,7976,6/16/2024,1300
26,5260,7975,5/29/2024,2145
27,5257,7974,5/13/2024,1500
28,5248,7973,4/20/2024,1415
29,5246,7972,7/15/2024,1430
30,5240,7971,7/6/2024,1615
31,5231,7970,8/6/2024,1430
32,5229,7969,4/9/2024,1715
33,5225,7968,8/14/2024,1400
34,5204,7967,5/17/2024,1615
35,5191,7966,7/10/2024,1745
36,5189,7965,5/7/2024,1145
37,5184,7964,6/5/2024,2100
38,5175,7963,4/14/2024,1830
39,5174,7962,6/19/2024,1300
40,5167,7961,7/22/2024,1945
41,5154,7960,7/17/2024,1845
42,5152,7959,4/30/2024,1400
43,5151,7958,7/22/2024,1500
44,5122,7957,8/12/2024,1715
45,5120,7956,4/20/2024,1330
46,5117,7955,4/18/2024,1630
47,5110,7954,5/10/2024,1930
48,5102,7953,8/7/2024,2100
49,5101,7952,6/23/2024,1200
50,5093,7951,5/20/2024,1530
51,5091,7950,6/1/2024,1315
52,5089,7949,6/1/2024,1015
53,5085,7948,4/23/2024,1700
54,5082,7947,4/12/2024,2115
55,5076,7946,4/30/2024,1745
56,5075,7945,7/30/2024,1345
57,5074,7944,7/9/2024,2115
58,5068,7943,8/24/2024,1415
59,5061,7942,6/10/2024,1245
60,5059,7941,6/1/2024,815
61,5058,7940,4/15/2024,1500
62,5056,7939,7/5/2024,900
63,5049,7938,4/25/2024,1630
64,5045,7937,8/21/2024,915
65,5042,7936,7/12/2024,1030
66,5036,7935,6/29/2024,1315
67,5030,7934,9/2/2024,1115
68,5026,7933,6/28/2024,830
69,5025,7932,6/7/2024,2045
70,5008,7931,4/24/2024,1100
71,5002,7930,7/14/2024,1415
72,4990,7929,4/24/2024,2145
73,4983,7928,4/23/2024,1700
74,4978,7927,8/24/2024,815
75,4960,7926,4/8/2024,1915
76,4953,7925,7/10/2024,1030
77,4940,7924,8/1/2024,945
78,4932,7923,7/17/2024,900
79,4930,7922,8/28/2024,915
80,4928,7921,7/5/2024,1915
81,4922,7920,8/9/2024,900
82,4916,7919,6/16/2024,830
83,4915,7918,5/31/2024,1730
84,4914,7917,6/21/2024,1700
85,4899,7916,5/4/2024,1300
86,4896,7915,6/15/2024,1530
87,4877,7914,6/19/2024,1200
88,4875,7913,5/2/2024,845
89,4871,7912,7/4/2024,1415
90,4863,7911,8/6/2024,1230
91,4862,7910,5/3/2024,1930
92,4857,7909,5/22/2024,1945
93,4856,7908,5/18/2024,2130
94,4843,7907,7/29/2024,1715
95,4839,7906,6/7/2024,2030
96,4838,7905,4/21/2024,1115
97,4831,7904,5/26/2024,1230
98,4830,7903,7/29/2024,1745
99,4824,7902,6/11/2024,1300
100,4822,7901,7/26/2024,1200
101,4811,7900,7/10/2024,1400
102,4804,7899,9/2/2024,1145
103,4783,7898,5/10/2024,1230
104,4770,7897,5/10/2024,1800
105,4753,7896,5/10/2024,1430
106,4749,7895,5/9/2024,1115
107,4742,7894,7/18/2024,1530
108,4741,7893,7/6/2024,815
109,4739,7892,4/27/2024,2015
110,4737,7891,4/9/2024,900
111,4722,7890,4/21/2024,2145
112,4720,7889,6/9/2024,1915
113,4719,7888,5/5/2024,2000
114,4717,7887,8/25/2024,2100
115,4716,7886,8/25/2024,1515
116,4710,7885,8/25/2024,2100
117,4709,7884,6/18/2024,2115
118,4707,7883,7/11/2024,1830
119,4704,7882,8/9/2024,1100
120,4699,7881,6/14/2024,1615
121,4697,7880,7/24/2024,1215
122,4696,7879,4/22/2024,1130
123,4693,7878,6/4/2024,2030
124,4690,7877,6/12/2024,1145
125,4687,7876,6/30/2024,1645
126,4663,7875,6/22/2024,2130
127,4654,7874,5/25/2024,1215
128,4650,7873,6/7/2024,845
129,4646,7872,8/30/2024,1245
130,4642,7871,8/6/2024,1445
131,4641,7870,5/17/2024,1245
132,4630,7869,7/9/2024,1730
133,4616,7868,8/30/2024,1615
134,4607,7867,4/28/2024,930
135,4605,7866,4/7/2024,1715
136,4603,7865,7/6/2024,1715
137,4602,7864,6/14/2024,1030
138,4593,7863,8/28/2024,915
139,4585,7862,6/14/2024,1030
140,4584,7861,4/14/2024,1730
141,4583,7860,7/20/2024,1215
142,4580,7859,8/27/2024,1400
143,4579,7858,5/14/2024,1945
144,4568,7857,4/17/2024,2100
145,4566,7856,7/25/2024,1730
146,4557,7855,7/22/2024,1515
147,4553,7854,5/21/2024,1445
148,4547,7853,7/9/2024,1700
149,4546,7852,7/2/2024,1930
150,4535,7851,6/26/2024,1115
151,4533,7850,8/31/2024,1445
152,4520,7849,7/27/2024,1200
153,4515,7848,6/27/2024,1515
154,4513,7847,7/12/2024,900
155,4504,7846,6/4/2024,1045
156,4500,7845,5/13/2024,1845
157,4493,7844,6/14/2024,1230
158,4485,7843,6/29/2024,845
159,4484,7842,8/3/2024,1315
160,4481,7841,7/5/2024,1915
161,4480,7840,6/13/2024,1845
162,4476,7839,7/17/2024,2145
163,4475,7838,5/10/2024,1615
164,4468,7837,4/22/2024,1000
165,4465,7836,5/25/2024,1115
166,4462,7835,6/11/2024,2100
167,4461,7834,7/18/2024,1030
168,4460,7833,4/7/2024,1115
169,4455,7832,6/12/2024,1315
170,4453,7831,7/21/2024,2145
171,4448,7830,4/27/2024,1815
172,4432,7829,6/17/2024,2030
173,4431,7828,8/9/2024,1130
174,4424,7827,6/20/2024,1400
175,4420,7826,4/11/2024,1715
176,4416,7825,7/27/2024,1200
177,4410,7824,4/17/2024,2015
178,4407,7823,5/27/2024,1345
179,4402,7822,7/4/2024,1945
180,4393,7821,7/1/2024,1015
181,4382,7820,4/17/2024,1430
182,4379,7819,8/1/2024,1915
183,4370,7818,8/26/2024,1600
184,4366,7817,7/27/2024,1145
185,4350,7816,6/7/2024,1645
186,4342,7815,6/27/2024,1730
187,4341,7814,8/27/2024,1815
188,4340,7813,7/17/2024,1430
189,4338,7812,6/5/2024,1430
190,4336,7811,6/1/2024,1915
191,4324,7810,7/21/2024,1715
192,4319,7809,6/27/2024,1230
193,4316,7808,5/29/2024,1015
194,4314,7807,6/1/2024,1830
195,4293,7806,5/29/2024,1845
196,4292,7805,4/25/2024,1145
197,4282,7804,8/20/2024,1915
198,4281,7803,4/25/2024,1515
199,4280,7802,7/31/2024,1630
200,4273,7801,6/16/2024,1030
201,4261,7800,5/18/2024,1045
202,4251,7799,4/6/2024,1530
203,4244,7798,5/25/2024,1345
204,4239,7797,6/20/2024,1000
205,4227,7796,7/11/2024,2145
206,4226,7795,6/20/2024,1415
207,4222,7794,8/29/2024,1545
208,4214,7793,6/10/2024,1400
209,4213,7792,5/8/2024,945
210,4208,7791,5/16/2024,2000
211,4206,7790,7/19/2024,915
212,4199,7789,8/6/2024,1645
213,4196,7788,7/18/2024,1445
214,4191,7787,4/25/2024,1730
215,4186,7786,8/29/2024,1645
216,4183,7785,5/5/2024,1845
217,4179,7784,6/25/2024,2145
218,4177,7783,6/30/2024,1900
219,4173,7782,5/5/2024,1845
220,4172,7781,4/25/2024,2030
221,4170,7780,4/18/2024,1715
222,4167,7779,6/23/2024,1800
223,4162,7778,5/20/2024,1230
224,4160,7777,5/3/2024,1215
225,4157,7776,8/20/2024,1200
226,4156,7775,4/11/2024,1845
227,4155,7774,6/19/2024,2000
228,4154,7773,6/21/2024,1045
229,4148,7772,5/12/2024,830
230,4146,7771,7/7/2024,1345
231,4145,7770,4/8/2024,1330
232,4136,7769,8/30/2024,800
233,4125,7768,8/10/2024,1130
234,4119,7767,8/4/2024,1215
235,4114,7766,6/9/2024,1015
236,4113,7765,6/24/2024,1230
237,4106,7764,4/29/2024,1145
238,4101,7763,7/21/2024,1615
239,4091,7762,6/19/2024,1700
240,4087,7761,6/1/2024,1300
241,4079,7760,8/26/2024,1930
242,4074,7759,7/26/2024,1745
243,4068,7758,8/4/2024,1300
244,4065,7757,4/13/2024,1000
245,4060,7756,4/9/2024,1845
246,4054,7755,7/6/2024,1900
247,4047,7754,7/6/2024,1400
248,4044,7753,6/7/2024,1730
249,4037,7752,5/22/2024,930
250,4028,7751,7/28/2024,1115
251,4027,7750,8/27/2024,1145
252,4023,7749,8/9/2024,1130
253,4013,7748,6/1/2024,2045
254,4009,7747,7/1/2024,2015
255,3997,7746,7/26/2024,1000
256,3995,7745,7/6/2024,815
257,3993,7744,4/29/2024,1730
258,3986,7743,4/30/2024,1115
259,3984,7742,7/14/2024,1000
260,3983,7741,5/7/2024,1415
261,3967,7740,6/28/2024,2115
262,3962,7739,8/16/2024,1500
263,3946,7738,6/4/2024,1915
264,3945,7737,7/3/2024,1045
265,3944,7736,5/4/2024,2130
266,3934,7735,6/26/2024,1115
267,3929,7734,6/3/2024,800
268,3924,7733,9/1/2024,1915
269,3922,7732,8/4/2024,1715
270,3916,7731,8/27/2024,1345
271,3914,7730,7/11/2024,1515
272,3911,7729,7/18/2024,1445
273,3904,7728,8/2/2024,1915
274,3903,7727,5/4/2024,2030
275,3897,7726,6/2/2024,1215
276,3885,7725,5/23/2024,1515
277,3876,7724,8/25/2024,1315
278,3875,7723,8/3/2024,1030
279,3868,7722,7/5/2024,1415
280,3855,7721,6/17/2024,1215
281,3844,7720,6/18/2024,1400
282,3841,7719,6/7/2024,815
283,3834,7718,6/12/2024,1745
284,3832,7717,7/10/2024,1745
285,3827,7716,4/13/2024,845
286,3818,7715,6/2/2024,1530
287,3812,7714,9/1/2024,900
288,3811,7713,5/6/2024,1145
289,3806,7712,5/17/2024,1830
290,3804,7711,7/5/2024,1900
291,3803,7710,8/9/2024,1015
292,3797,7709,4/29/2024,830
293,3792,7708,8/12/2024,1145
294,3791,7707,5/5/2024,1715
295,3790,7706,7/4/2024,1445
296,3783,7705,4/20/2024,1615
297,3755,7704,6/12/2024,1115
298,3754,7703,5/25/2024,1545
299,3744,7702,7/25/2024,1130
300,3727,7701,7/18/2024,1045
301,3724,7700,8/19/2024,1730
302,3722,7699,8/31/2024,1730
303,3719,7698,8/7/2024,1830
304,3718,7697,7/14/2024,845
305,3717,7696,8/21/2024,930
306,3716,7695,7/9/2024,1945
307,3712,7694,7/19/2024,1745
308,3705,7693,5/31/2024,1815
309,3701,7692,6/19/2024,930
310,3700,7691,6/27/2024,1445
311,3694,7690,6/7/2024,2030
312,3682,7689,4/7/2024,2030
313,3679,7688,8/9/2024,1315
314,3657,7687,6/15/2024,1645
315,3653,7686,7/3/2024,2100
316,3652,7685,6/17/2024,1630
317,3642,7684,8/16/2024,2115
318,3641,7683,7/16/2024,815
319,3638,7682,8/20/2024,2115
320,3626,7681,5/30/2024,2015
321,3621,7680,6/25/2024,845
322,3615,7679,6/10/2024,800
323,3608,7678,4/29/2024,2045
324,3599,7677,5/3/2024,1845
325,3598,7676,4/20/2024,1245
326,3595,7675,7/23/2024,1300
327,3592,7674,7/20/2024,1515
328,3590,7673,4/30/2024,1830
329,3584,7672,4/15/2024,2115
330,3583,7671,8/8/2024,1145
331,3582,7670,5/13/2024,1315
332,3572,7669,5/5/2024,1115
333,3567,7668,6/4/2024,1445
334,3562,7667,7/1/2024,1845
335,3551,7666,6/17/2024,1245
336,3547,7665,7/11/2024,900
337,3542,7664,7/24/2024,1915
338,3533,7663,8/20/2024,1715
339,3527,7662,6/28/2024,2030
340,3525,7661,6/1/2024,1215
341,3524,7660,8/15/2024,1515
342,3516,7659,5/19/2024,1515
343,3506,7658,4/14/2024,2015
344,3504,7657,4/8/2024,1800
345,3502,7656,7/20/2024,1100
346,3498,7655,7/7/2024,830
347,3480,7654,4/8/2024,1230
348,3471,7653,5/10/2024,1545
349,3467,7652,4/6/2024,2030
350,3466,7651,6/30/2024,800
351,3464,7650,8/14/2024,945
352,3463,7649,5/14/2024,1245
353,3462,7648,8/21/2024,1530
354,3461,7647,5/24/2024,1945
355,3457,7646,8/29/2024,1945
356,3449,7645,8/9/2024,2100
357,3445,7644,6/25/2024,1330
358,3444,7643,6/18/2024,830
359,3443,7642,5/12/2024,1245
360,3435,7641,8/20/2024,1945
361,3433,7640,5/9/2024,1615
362,3431,7639,8/2/2024,930
363,3428,7638,7/2/2024,1430
364,3427,7637,8/2/2024,1200
365,3424,7636,4/27/2024,1815
366,3416,7635,6/23/2024,1115
367,3412,7634,5/23/2024,2145
368,3409,7633,6/9/2024,2145
369,3407,7632,7/15/2024,1700
370,3404,7631,8/20/2024,1130
371,3403,7630,8/30/2024,945
372,3400,7629,5/7/2024,1415
373,3396,7628,7/15/2024,1315
374,3395,7627,8/23/2024,1615
375,3392,7626,4/10/2024,1230
376,3391,7625,6/19/2024,1930
377,3382,7624,8/15/2024,1800
378,3378,7623,8/9/2024,915
379,3377,7622,4/14/2024,1830
380,3370,7621,4/21/2024,1845
381,3358,7620,8/10/2024,1515
382,3356,7619,8/4/2024,1430
383,3327,7618,5/29/2024,2130
384,3313,7617,7/27/2024,1745
385,3307,7616,7/10/2024,1430
386,3300,7615,7/1/2024,1715
387,3297,7614,7/9/2024,1530
388,3292,7613,7/14/2024,900
389,3282,7612,5/3/2024,1930
390,3276,7611,5/10/2024,830
391,3273,7610,6/27/2024,1845
392,3270,7609,5/22/2024,1230
393,3257,7608,7/16/2024,1945
394,3255,7607,7/16/2024,1345
395,3251,7606,7/25/2024,2115
396,3249,7605,5/6/2024,1530
397,3241,7604,4/7/2024,2030
398,3238,7603,5/12/2024,1545
399,3237,7602,6/2/2024,2145
400,3231,7601,5/13/2024,1045
401,3229,7600,4/15/2024,1200
402,3228,7599,6/3/2024,1230
403,3226,7598,8/4/2024,1315
404,3222,7597,5/6/2024,2130
405,3215,7596,4/9/2024,2100
406,3214,7595,4/9/2024,1545
407,3213,7594,5/29/2024,1100
408,3208,7593,7/27/2024,2100
409,3207,7592,7/31/2024,845
410,3205,7591,7/3/2024,1030
411,3204,7590,8/29/2024,1715
412,3202,7589,5/1/2024,1800
413,3198,7588,5/16/2024,1930
414,3197,7587,8/29/2024,1530
415,3195,7586,7/24/2024,1130
416,3194,7585,8/29/2024,1730
417,3193,7584,4/30/2024,1345
418,3192,7583,4/26/2024,1530
419,3190,7582,6/30/2024,1900
420,3185,7581,8/12/2024,915
421,3184,7580,5/28/2024,1530
422,3183,7579,4/6/2024,1115
423,3171,7578,5/8/2024,1845
424,3169,7577,8/26/2024,830
425,3159,7576,6/27/2024,1030
426,3152,7575,6/17/2024,845
427,3149,7574,5/29/2024,1345
428,3145,7573,8/13/2024,1715
429,3144,7572,5/3/2024,930
430,3133,7571,7/6/2024,1745
431,3131,7570,5/22/2024,815
432,3129,7569,8/21/2024,1500
433,3120,7568,7/15/2024,2130
434,3119,7567,5/6/2024,1530
435,3115,7566,4/27/2024,1430
436,3113,7565,8/14/2024,2130
437,3111,7564,8/10/2024,1830
438,3098,7563,6/17/2024,1145
439,3097,7562,6/22/2024,1215
440,3086,7561,4/8/2024,1400
441,3080,7560,7/21/2024,1415
442,3064,7559,6/14/2024,1915
443,3045,7558,8/6/2024,1115
444,3042,7557,6/10/2024,1145
445,3025,7556,4/26/2024,1415
446,3023,7555,6/25/2024,1815
447,3020,7554,8/12/2024,1300
448,3018,7553,6/20/2024,1445
449,3005,7552,6/6/2024,1245
450,3001,7551,7/14/2024,1700
451,2998,7550,9/3/2024,1100
452,2994,7549,7/9/2024,800
453,2992,7548,8/13/2024,1845
454,2987,7547,4/30/2024,1945
455,2977,7546,6/12/2024,1600
456,2975,7545,5/23/2024,1600
457,2964,7544,6/14/2024,2030
458,2963,7543,6/22/2024,1530
459,2951,7542,8/15/2024,1715
460,2943,7541,5/25/2024,1400
461,2942,7540,5/25/2024,1445
462,2941,7539,6/14/2024,1215
463,2936,7538,6/3/2024,1315
464,2935,7537,7/7/2024,1515
465,2934,7536,7/5/2024,1830
466,2932,7535,7/11/2024,2130
467,2926,7534,6/29/2024,900
468,2917,7533,7/23/2024,1615
469,2913,7532,9/3/2024,1930
470,2907,7531,8/11/2024,2115
471,2900,7530,8/5/2024,1530
472,2896,7529,8/26/2024,1515
473,2892,7528,8/26/2024,1400
474,2886,7527,8/20/2024,1415
475,2884,7526,7/21/2024,1700
476,2883,7525,4/25/2024,1900
477,2879,7524,7/4/2024,1215
478,2878,7523,6/27/2024,2030
479,2872,7522,6/11/2024,1715
480,2849,7521,4/15/2024,800
481,2848,7520,5/28/2024,1100
482,2840,7519,7/7/2024,2100
483,2829,7518,5/25/2024,1300
484,2828,7517,7/3/2024,2145
485,2823,7516,4/11/2024,2100
486,2821,7515,8/17/2024,1300
487,2812,7514,8/4/2024,2130
488,2807,7513,5/6/2024,1045
489,2799,7512,7/9/2024,1245
490,2795,7511,4/22/2024,900
491,2794,7510,4/29/2024,1915
492,2792,7509,4/8/2024,1015
493,2791,7508,6/26/2024,1045
494,2777,7507,9/2/2024,2015
495,2776,7506,4/25/2024,2045
496,2768,7505,8/5/2024,1530
497,2755,7504,4/7/2024,2045
498,2751,7503,4/6/2024,845
499,2742,7502,6/7/2024,1530
500,2736,7501,7/18/2024,1645
501,2720,7500,8/23/2024,1930
502,2701,7499,6/20/2024,1145
503,2698,7498,6/12/2024,1215
504,2697,7497,4/23/2024,1800
505,2696,7496,5/28/2024,1130
506,2694,7495,4/21/2024,1745
507,2692,7494,8/19/2024,1945
508,2690,7493,8/1/2024,1800
509,2689,7492,4/15/2024,1045
510,2688,7491,8/17/2024,1045
511,2685,7490,5/10/2024,1700
512,2675,7489,4/30/2024,1230
513,2665,7488,6/4/2024,1345
514,2662,7487,5/17/2024,1900
515,2650,7486,5/20/2024,1945
516,2645,7485,4/10/2024,1830
517,2637,7484,8/21/2024,1200
518,2624,7483,8/3/2024,1615
519,2616,7482,5/13/2024,1015
520,2613,7481,5/11/2024,1745
521,2612,7480,7/25/2024,830
522,2609,7479,5/30/2024,2045
523,2607,7478,8/2/2024,1215
524,2602,7477,6/5/2024,1415
525,2600,7476,6/27/2024,1230
526,2599,7475,5/16/2024,1800
527,2586,7474,5/8/2024,915
528,2585,7473,6/9/2024,1930
529,2576,7472,5/27/2024,1715
530,2575,7471,4/26/2024,1600
531,2570,7470,4/6/2024,915
532,2565,7469,8/28/2024,1000
533,2558,7468,8/2/2024,1645
534,2542,7467,4/7/2024,1445
535,2538,7466,6/18/2024,2045
536,2535,7465,6/14/2024,1630
537,2531,7464,8/12/2024,1445
538,2528,7463,7/10/2024,1845
539,2526,7462,4/12/2024,1615
540,2522,7461,6/17/2024,915
541,2516,7460,5/24/2024,1345
542,2510,7459,5/31/2024,2000
543,2501,7458,7/2/2024,1200
544,2497,7457,7/8/2024,1800
545,2496,7456,4/21/2024,1000
546,2490,7455,8/21/2024,1815
547,2487,7454,5/3/2024,1030
548,2480,7453,6/4/2024,1930
549,2475,7452,5/20/2024,1130
550,2474,7451,7/14/2024,1045
551,2473,7450,5/4/2024,915
552,2471,7449,7/16/2024,1530
553,2464,7448,7/13/2024,2145
554,2455,7447,8/7/2024,1030
555,2448,7446,4/22/2024,1230
556,2421,7445,6/14/2024,1530
557,2412,7444,5/26/2024,1945
558,2411,7443,8/15/2024,1700
559,2408,7442,4/27/2024,1015
560,2404,7441,7/17/2024,1115
561,2398,7440,7/30/2024,1345
562,2393,7439,6/5/2024,1930
563,2386,7438,8/15/2024,1215
564,2385,7437,8/6/2024,800
565,2373,7436,6/11/2024,1415
566,2369,7435,8/12/2024,800
567,2367,7434,9/2/2024,1200
568,2365,7433,4/16/2024,1545
569,2362,7432,5/8/2024,945
570,2358,7431,8/13/2024,1030
571,2354,7430,5/30/2024,1445
572,2349,7429,4/28/2024,1430
573,2348,7428,7/12/2024,1330
574,2339,7427,5/23/2024,1815
575,2327,7426,8/23/2024,1930
576,2322,7425,8/2/2024,1800
577,2310,7424,5/22/2024,1045
578,2305,7423,4/12/2024,1030
579,2297,7422,6/17/2024,1230
580,2286,7421,5/3/2024,915
581,2281,7420,6/26/2024,1600
582,2268,7419,8/29/2024,1945
583,2266,7418,8/8/2024,930
584,2263,7417,7/31/2024,1000
585,2249,7416,6/20/2024,1145
586,2246,7415,4/19/2024,1730
587,2238,7414,8/27/2024,1145
588,2236,7413,7/27/2024,1700
589,2233,7412,8/29/2024,1315
590,2209,7411,5/3/2024,1830
591,2176,7410,5/15/2024,1515
592,2170,7409,7/16/2024,930
593,2163,7408,8/24/2024,1700
594,2156,7407,8/25/2024,1645
595,2154,7406,4/17/2024,1530
596,2149,7405,8/29/2024,1145
597,2136,7404,6/18/2024,1530
598,2131,7403,5/18/2024,1100
599,2130,7402,9/1/2024,1745
600,2123,7401,7/22/2024,1800
601,2120,7400,5/28/2024,1615
602,2117,7399,5/31/2024,1500
603,2112,7398,5/28/2024,1330
604,2109,7397,8/5/2024,1900
605,2107,7396,4/19/2024,1930
606,2103,7395,6/25/2024,1645
607,2102,7394,5/21/2024,1745
608,2098,7393,5/16/2024,1430
609,2088,7392,7/8/2024,1645
610,2084,7391,4/14/2024,1600
611,2082,7390,4/11/2024,945
612,2077,7389,6/9/2024,2000
613,2068,7388,4/24/2024,2000
614,2067,7387,6/8/2024,800
615,2066,7386,6/24/2024,915
616,2051,7385,6/27/2024,1415
617,2040,7384,8/1/2024,1645
618,2024,7383,5/10/2024,1515
619,2017,7382,6/7/2024,1830
620,2015,7381,6/10/2024,2115
621,2013,7380,8/31/2024,1715
622,2002,7379,4/19/2024,1430
623,2000,7378,5/13/2024,1115
624,1999,7377,7/28/2024,1500
625,1994,7376,6/6/2024,1330
626,1991,7375,4/29/2024,1045
627,1989,7374,4/8/2024,1015
628,1987,7373,5/13/2024,1730
629,1984,7372,7/3/2024,2045
630,1981,7371,5/12/2024,915
631,1963,7370,8/25/2024,1330
632,1956,7369,6/9/2024,1530
633,1952,7368,5/10/2024,2045
634,1950,7367,4/8/2024,1830
635,1946,7366,5/23/2024,2145
636,1941,7365,8/4/2024,1430
637,1929,7364,6/16/2024,2100
638,1927,7363,5/18/2024,1315
639,1922,7362,8/31/2024,900
640,1913,7361,5/21/2024,2045
641,1903,7360,4/23/2024,845
642,1894,7359,8/7/2024,2130
643,1893,7358,8/24/2024,1715
644,1891,7357,5/7/2024,930
645,1875,7356,4/7/2024,1345
646,1869,7355,8/24/2024,1215
647,1863,7354,6/10/2024,1900
648,1862,7353,5/12/2024,2130
649,1857,7352,6/7/2024,1315
650,1851,7351,7/7/2024,1130
651,1846,7350,7/21/2024,1000
652,1844,7349,7/20/2024,1215
653,1842,7348,4/26/2024,1800
654,1836,7347,7/5/2024,1330
655,1834,7346,4/27/2024,830
656,1820,7345,5/17/2024,830
657,1817,7344,4/7/2024,1800
658,1816,7343,6/10/2024,1300
659,1800,7342,6/28/2024,1630
660,1786,7341,8/16/2024,2045
661,1781,7340,7/29/2024,1645
662,1780,7339,4/15/2024,1430
663,1774,7338,8/25/2024,1015
664,1767,7337,7/24/2024,1530
665,1752,7336,8/19/2024,1430
666,1733,7335,9/2/2024,1615
667,1731,7334,4/20/2024,1015
668,1723,7333,8/9/2024,1100
669,1721,7332,5/29/2024,1715
670,1713,7331,7/9/2024,1045
671,1709,7330,8/30/2024,1600
672,1704,7329,6/6/2024,845
673,1701,7328,7/2/2024,1845
674,1698,7327,9/2/2024,1500
675,1694,7326,5/29/2024,1600
676,1691,7325,8/13/2024,1130
677,1689,7324,9/2/2024,930
678,1686,7323,6/17/2024,1900
679,1683,7322,5/11/2024,2000
680,1682,7321,6/3/2024,1830
681,1679,7320,6/26/2024,1645
682,1672,7319,7/5/2024,1615
683,1669,7318,7/18/2024,815
684,1664,7317,8/9/2024,1245
685,1658,7316,4/14/2024,1900
686,1656,7315,8/5/2024,1515
687,1654,7314,8/30/2024,815
688,1651,7313,6/17/2024,1815
689,1641,7312,8/2/2024,1230
690,1634,7311,6/22/2024,1315
691,1621,7310,8/4/2024,1030
692,1620,7309,7/8/2024,1630
693,1618,7308,5/16/2024,1830
694,1603,7307,4/17/2024,2115
695,1595,7306,7/29/2024,1115
696,1593,7305,6/20/2024,1045
697,1592,7304,4/21/2024,1245
698,1572,7303,6/26/2024,1145
699,1564,7302,5/22/2024,1600
700,1560,7301,6/17/2024,1030
701,1559,7300,7/8/2024,1200
702,1558,7299,4/28/2024,1045
703,1556,7298,8/17/2024,1100
704,1553,7297,8/19/2024,1300
705,1551,7296,6/28/2024,915
706,1550,7295,8/11/2024,2115
707,1542,7294,8/19/2024,2000
708,1539,7293,5/15/2024,1845
709,1537,7292,6/30/2024,915
710,1534,7291,5/22/2024,1630
711,1533,7290,6/7/2024,1115
712,1528,7289,7/28/2024,2015
713,1526,7288,8/15/2024,1215
714,1516,7287,8/10/2024,2015
715,1502,7286,5/27/2024,930
716,1500,7285,5/8/2024,1600
717,1489,7284,6/7/2024,1345
718,1483,7283,5/18/2024,2030
719,1482,7282,6/16/2024,1915
720,1480,7281,5/28/2024,1930
721,1466,7280,5/21/2024,2030
722,1461,7279,8/26/2024,930
723,1457,7278,6/19/2024,1745
724,1454,7277,6/8/2024,1130
725,1439,7276,6/14/2024,900
726,1425,7275,6/7/2024,1600
727,1424,7274,6/25/2024,1030
728,1416,7273,5/1/2024,1500
729,1411,7272,7/9/2024,900
730,1410,7271,7/6/2024,1600
731,1402,7270,8/22/2024,1830
732,1396,7269,7/27/2024,1845
733,1381,7268,7/8/2024,1245
734,1380,7267,5/27/2024,1115
735,1374,7266,5/9/2024,1815
736,1361,7265,5/21/2024,1700
737,1356,7264,4/18/2024,1245
738,1337,7263,8/23/2024,900
739,1336,7262,8/9/2024,1345
740,1332,7261,5/14/2024,1515
741,1330,7260,6/29/2024,1800
742,1329,7259,9/1/2024,1600
743,1328,7258,5/6/2024,815
744,1307,7257,8/28/2024,1330
745,1301,7256,6/14/2024,845
746,1292,7255,4/29/2024,2145
747,1281,7254,9/3/2024,945
748,1280,7253,6/16/2024,1145
749,1276,7252,7/31/2024,1145
750,1271,7251,8/8/2024,830
751,1270,7250,7/8/2024,2030
752,1265,7249,5/3/2024,1430
753,1258,7248,7/3/2024,1330
754,1256,7247,7/10/2024,1900
755,1254,7246,6/27/2024,1845
756,1245,7245,5/31/2024,900
757,1244,7244,7/16/2024,1900
758,1241,7243,7/1/2024,1015
759,1238,7242,6/22/2024,1815
760,1233,7241,6/2/2024,1515
761,1230,7240,8/4/2024,1600
762,1228,7239,7/24/2024,1230
763,1227,7238,8/11/2024,1900
764,1225,7237,4/21/2024,1430
765,1223,7236,8/19/2024,1000
766,1222,7235,6/5/2024,1130
767,1218,7234,5/7/2024,1815
768,1212,7233,4/12/2024,1715
769,1210,7232,6/16/2024,1645
770,1209,7231,6/11/2024,1315
771,1208,7230,8/29/2024,1045
772,1207,7229,8/3/2024,2100
773,1204,7228,4/6/2024,2145
774,1200,7227,4/26/2024,845
775,1199,7226,6/26/2024,1930
776,1196,7225,6/24/2024,915
777,1189,7224,5/6/2024,815
778,1183,7223,9/2/2024,1315
779,1165,7222,7/20/2024,1515
780,1153,7221,7/19/2024,900
781,1147,7220,8/22/2024,2115
782,1143,7219,7/21/2024,2130
783,1136,7218,5/19/2024,1430
784,1127,7217,4/7/2024,815
785,1122,7216,4/25/2024,1330
786,1120,7215,5/15/2024,930
787,1112,7214,7/24/2024,1130
788,1111,7213,7/21/2024,1330
789,1097,7212,5/2/2024,1100
790,1077,7211,5/13/2024,1215
791,1073,7210,7/5/2024,1145
792,1071,7209,8/6/2024,1630
793,1068,7208,5/13/2024,900
794,1067,7207,9/2/2024,945
795,1059,7206,6/30/2024,1130
796,1050,7205,4/26/2024,1730
797,1044,7204,4/30/2024,1545
798,1042,7203,4/12/2024,1315
799,1040,7202,7/19/2024,1130
800,1039,7201,5/15/2024,1845
801,1036,7200,8/5/2024,815
802,1035,7199,7/16/2024,1215
803,1033,7198,8/27/2024,2145
804,1027,7197,5/10/2024,915
805,1026,7196,5/25/2024,830
806,1023,7195,6/18/2024,815
807,1021,7194,6/18/2024,1015
808,1020,7193,8/2/2024,1830
809,1019,7192,8/2/2024,1145
810,1017,7191,6/8/2024,900
811,1013,7190,9/3/2024,2100
812,1009,7189,7/2/2024,1415
813,1004,7188,5/10/2024,2145
814,1003,7187,6/18/2024,1230
815,999,7186,5/30/2024,1345
816,993,7185,9/1/2024,1945
817,992,7184,8/3/2024,1415
818,974,7183,6/29/2024,915
819,965,7182,7/16/2024,1345
820,963,7181,4/8/2024,1130
821,958,7180,5/3/2024,1730
822,954,7179,4/18/2024,1630
823,949,7178,8/8/2024,1430
824,942,7177,4/27/2024,2030
825,938,7176,8/21/2024,1700
826,935,7175,7/19/2024,2130
827,932,7174,5/3/2024,1030
828,921,7173,7/3/2024,2100
829,918,7172,4/17/2024,2045
830,908,7171,8/5/2024,945
831,899,7170,8/10/2024,1230
832,893,7169,8/10/2024,1500
833,886,7168,8/30/2024,1715
834,883,7167,9/2/2024,1045
835,882,7166,6/16/2024,2115
836,877,7165,5/13/2024,800
837,871,7164,5/30/2024,1730
838,866,7163,8/25/2024,2130
839,859,7162,4/25/2024,1215
840,857,7161,6/12/2024,1800
841,853,7160,6/19/2024,1515
842,850,7159,7/31/2024,1630
843,843,7158,5/31/2024,1130
844,839,7157,4/8/2024,1845
845,834,7156,9/1/2024,1645
846,830,7155,8/7/2024,2100
847,829,7154,5/19/2024,1830
848,825,7153,6/7/2024,1530
849,811,7152,7/23/2024,1600
850,805,7151,7/26/2024,1330
851,804,7150,7/16/2024,1445
852,799,7149,8/28/2024,1345
853,790,7148,7/25/2024,1245
854,782,7147,8/19/2024,2130
855,774,7146,7/2/2024,1000
856,767,7145,6/20/2024,1445
857,766,7144,8/23/2024,1645
858,764,7143,6/26/2024,1145
859,760,7142,8/5/2024,1400
860,759,7141,5/3/2024,930
861,750,7140,8/24/2024,1200
862,746,7139,8/31/2024,800
863,744,7138,4/14/2024,1300
864,741,7137,9/1/2024,1445
865,735,7136,6/17/2024,1730
866,733,7135,7/30/2024,800
867,729,7134,7/12/2024,815
868,710,7133,6/5/2024,1000
869,701,7132,8/18/2024,1445
870,700,7131,6/20/2024,2130
871,690,7130,7/5/2024,2000
872,661,7129,5/12/2024,1815
873,659,7128,7/6/2024,1145
874,655,7127,4/19/2024,1200
875,653,7126,6/6/2024,1545
876,649,7125,5/6/2024,1600
877,648,7124,5/21/2024,1300
878,646,7123,5/31/2024,2115
879,644,7122,5/19/2024,945
880,643,7121,5/7/2024,1130
881,638,7120,7/10/2024,1315
882,637,7119,8/11/2024,2015
883,635,7118,5/10/2024,2045
884,629,7117,6/14/2024,830
885,628,7116,4/15/2024,1400
886,624,7115,5/20/2024,1100
887,617,7114,5/1/2024,1945
888,610,7113,6/10/2024,1000
889,609,7112,6/13/2024,1645
890,602,7111,7/10/2024,1300
891,585,7110,4/17/2024,1815
892,581,7109,7/4/2024,1245
893,574,7108,6/14/2024,1000
894,573,7107,5/28/2024,1645
895,569,7106,4/18/2024,1830
896,565,7105,4/14/2024,1330
897,564,7104,8/29/2024,1645
898,563,7103,4/7/2024,2030
899,562,7102,8/17/2024,915
900,561,7101,5/7/2024,1245
901,559,7100,8/16/2024,945
902,549,7099,4/9/2024,1345
903,536,7098,5/23/2024,1300
904,535,7097,4/23/2024,1200
905,527,7096,8/11/2024,2115
906,522,7095,7/13/2024,1245
907,512,7094,7/13/2024,1345
908,511,7093,4/9/2024,2130
909,496,7092,5/3/2024,2045
910,495,7091,5/27/2024,2130
911,492,7090,8/31/2024,1900
912,487,7089,8/19/2024,1430
913,481,7088,5/5/2024,1615
914,468,7087,6/14/2024,1915
915,467,7086,6/19/2024,1000
916,456,7085,4/27/2024,1400
917,455,7084,5/21/2024,1600
918,454,7083,4/13/2024,1030
919,453,7082,6/6/2024,1915
920,448,7081,8/12/2024,1500
921,445,7080,6/15/2024,1845
922,429,7079,8/14/2024,1315
923,423,7078,4/13/2024,1415
924,421,7077,7/26/2024,1630
925,419,7076,7/14/2024,930
926,418,7075,9/3/2024,1345
927,417,7074,4/18/2024,1715
928,414,7073,6/26/2024,1015
929,404,7072,5/5/2024,1800
930,401,7071,8/23/2024,1500
931,399,7070,5/8/2024,1145
932,387,7069,6/3/2024,1815
933,384,7068,4/10/2024,1545
934,376,7067,4/12/2024,1915
935,371,7066,8/31/2024,1145
936,363,7065,4/10/2024,1015
937,360,7064,4/14/2024,945
938,354,7063,5/28/2024,1600
939,347,7062,7/4/2024,1200
940,344,7061,8/3/2024,2145
941,327,7060,7/22/2024,2015
942,319,7059,7/23/2024,2015
943,317,7058,8/27/2024,845
944,314,7057,6/29/2024,1630
945,308,7056,8/5/2024,915
946,296,7055,5/12/2024,1630
947,294,7054,5/10/2024,1900
948,292,7053,6/30/2024,1600
949,284,7052,7/22/2024,1030
950,283,7051,8/16/2024,930
951,280,7050,8/10/2024,1300
952,269,7049,5/3/2024,915
953,268,7048,7/8/2024,1530
954,265,7047,8/23/2024,1900
955,263,7046,8/25/2024,1115
956,262,7045,4/22/2024,1015
957,254,7044,7/31/2024,815
958,252,7043,8/2/2024,2045
959,250,7042,7/23/2024,845
960,249,7041,6/26/2024,2045
961,245,7040,4/7/2024,800
962,241,7039,6/21/2024,1315
963,232,7038,6/10/2024,1815
964,218,7037,7/17/2024,1045
965,212,7036,8/4/2024,1030
966,209,7035,9/2/2024,1515
967,207,7034,6/16/2024,1145
968,201,7033,4/11/2024,1545
969,185,7032,7/21/2024,1930
970,175,7031,4/14/2024,1330
971,168,7030,5/5/2024,2100
972,167,7029,4/9/2024,815
973,166,7028,7/1/2024,1830
974,154,7027,5/17/2024,1430
975,152,7026,6/7/2024,1030
976,150,7025,5/4/2024,1730
977,142,7024,7/3/2024,1800
978,141,7023,4/18/2024,1415
979,133,7022,8/24/2024,1600
980,132,7021,7/6/2024,815
981,127,7020,5/12/2024,1845
982,122,7019,4/23/2024,2115
983,111,7018,4/13/2024,815
984,96,7017,5/18/2024,1415
985,72,7016,7/12/2024,1530
986,59,7015,4/7/2024,1300
987,57,7014,5/25/2024,1145
988,52,7013,8/3/2024,945
989,50,7012,7/15/2024,1600
990,43,7011,7/23/2024,1315
991,41,7010,8/29/2024,1115
992,40,7009,8/9/2024,1300
993,38,7008,6/17/2024,1400
994,37,7007,6/16/2024,1400
995,32,7006,4/28/2024,2115
996,30,7005,6/25/2024,900
997,23,7004,8/30/2024,1745
998,21,7003,8/17/2024,2030
999,12,7002,7/18/2024,2130
1000,9,7001,7/24/2024,1515
1001,5893,3000,5/8/2024,1000
1002,5891,2999,6/29/2024,1415
1003,5888,2998,4/19/2024,1115
1004,5882,2997,5/8/2024,830
1005,5871,2996,4/26/2024,1900
1006,5868,2995,6/13/2024,2115
1007,5865,2994,8/16/2024,1745
1008,5861,2993,5/10/2024,1945
1009,5857,2992,6/10/2024,2030
1010,5851,2991,5/2/2024,1100
1011,5850,2990,7/10/2024,1115
1012,5845,2989,5/13/2024,1530
1013,5837,2988,7/26/2024,1900
1014,5831,2987,6/18/2024,1145
1015,5825,2986,7/21/2024,1300
1016,5824,2985,5/13/2024,1445
1017,5823,2984,4/17/2024,1615
1018,5814,2983,4/26/2024,945
1019,5813,2982,5/18/2024,1500
1020,5812,2981,5/24/2024,1045
1021,5808,2980,9/1/2024,1830
1022,5806,2979,6/2/2024,845
1023,5803,2978,8/28/2024,1815
1024,5800,2977,4/13/2024,1200
1025,5790,2976,5/3/2024,1315
1026,5786,2975,7/1/2024,1630
1027,5785,2974,5/21/2024,1215
1028,5781,2973,8/14/2024,1645
1029,5778,2972,4/30/2024,800
1030,5771,2971,4/22/2024,915
1031,5769,2970,5/14/2024,1330
1032,5768,2969,5/11/2024,1330
1033,5760,2968,6/11/2024,1930
1034,5749,2967,4/8/2024,1500
1035,5742,2966,7/23/2024,2100
1036,5729,2965,6/7/2024,1530
1037,5724,2964,7/21/2024,1815
1038,5721,2963,9/3/2024,1745
1039,5716,2962,8/18/2024,2030
1040,5710,2961,6/22/2024,1600
1041,5708,2960,4/12/2024,1945
1042,5707,2959,8/15/2024,1930
1043,5701,2958,8/26/2024,1400
1044,5693,2957,6/25/2024,1945
1045,5691,2956,7/11/2024,1030
1046,5670,2955,8/19/2024,1115
1047,5669,2954,8/24/2024,1615
1048,5663,2953,6/6/2024,1700
1049,5642,2952,7/12/2024,2045
1050,5638,2951,8/4/2024,1900
1051,5636,2950,8/20/2024,1230
1052,5634,2949,8/14/2024,2115
1053,5628,2948,4/6/2024,1330
1054,5623,2947,5/24/2024,1445
1055,5622,2946,6/9/2024,1245
1056,5620,2945,9/3/2024,930
1057,5613,2944,8/30/2024,2015
1058,5605,2943,6/8/2024,1915
1059,5590,2942,7/6/2024,2130
1060,5584,2941,5/15/2024,1315
1061,5571,2940,6/4/2024,1130
1062,5560,2939,7/17/2024,1600
1063,5546,2938,8/19/2024,1045
1064,5541,2937,6/13/2024,2045
1065,5540,2936,8/3/2024,1415
1066,5539,2935,7/30/2024,1830
1067,5532,2934,5/2/2024,1330
1068,5519,2933,4/30/2024,1415
1069,5517,2932,9/3/2024,2015
1070,5516,2931,4/12/2024,1300
1071,5514,2930,8/29/2024,815
1072,5506,2929,5/10/2024,1330
1073,5500,2928,5/10/2024,2145
1074,5498,2927,8/14/2024,1000
1075,5495,2926,7/20/2024,1430
1076,5490,2925,6/26/2024,1515
1077,5480,2924,6/28/2024,1945
1078,5479,2923,5/5/2024,1345
1079,5474,2922,8/27/2024,1045
1080,5469,2921,6/13/2024,2100
1081,5467,2920,4/11/2024,1200
1082,5459,2919,4/25/2024,2115
1083,5452,2918,6/29/2024,800
1084,5442,2917,6/19/2024,1915
1085,5440,2916,9/2/2024,1945
1086,5415,2915,7/15/2024,1715
1087,5409,2914,7/2/2024,1700
1088,5390,2913,6/30/2024,1245
1089,5378,2912,4/20/2024,1645
1090,5376,2911,6/19/2024,1745
1091,5375,2910,7/23/2024,915
1092,5371,2909,8/28/2024,2015
1093,5367,2908,8/12/2024,1045
1094,5364,2907,5/10/2024,1045
1095,5362,2906,7/8/2024,2045
1096,5360,2905,8/24/2024,815
1097,5357,2904,9/1/2024,1445
1098,5355,2903,5/8/2024,1345
1099,5352,2902,6/23/2024,930
1100,5340,2901,6/5/2024,1215
1101,5336,2900,5/23/2024,1500
1102,5334,2899,8/20/2024,2045
1103,5331,2898,6/16/2024,1345
1104,5321,2897,8/31/2024,1230
1105,5320,2896,7/1/2024,1900
1106,5317,2895,6/11/2024,1115
1107,5310,2894,5/31/2024,1030
1108,5302,2893,6/21/2024,1945
1109,5279,2892,5/10/2024,1315
1110,5264,2891,8/26/2024,1530
1111,5263,2890,8/22/2024,1815
1112,5255,2889,4/27/2024,1845
1113,5253,2888,4/7/2024,1430
1114,5250,2887,5/9/2024,1145
1115,5249,2886,7/19/2024,1345
1116,5245,2885,4/30/2024,1145
1117,5235,2884,7/13/2024,900
1118,5234,2883,8/31/2024,900
1119,5232,2882,8/6/2024,1915
1120,5222,2881,7/23/2024,1015
1121,5221,2880,7/6/2024,1130
1122,5213,2879,4/13/2024,2030
1123,5202,2878,5/2/2024,2145
1124,5194,2877,7/7/2024,2145
1125,5172,2876,7/16/2024,2130
1126,5162,2875,8/16/2024,1730
1127,5146,2874,8/26/2024,1515
1128,5136,2873,4/29/2024,1445
1129,5123,2872,6/16/2024,930
1130,5121,2871,6/27/2024,1400
1131,5113,2870,6/14/2024,1930
1132,5108,2869,6/4/2024,815
1133,5106,2868,6/21/2024,1930
1134,5100,2867,6/6/2024,1430
1135,5092,2866,7/16/2024,1800
1136,5090,2865,8/1/2024,930
1137,5086,2864,5/28/2024,2115
1138,5079,2863,5/19/2024,1945
1139,5073,2862,7/3/2024,1345
1140,5071,2861,7/17/2024,815
1141,5066,2860,6/10/2024,2115
1142,5054,2859,6/4/2024,1400
1143,5051,2858,8/17/2024,1145
1144,5046,2857,6/25/2024,2100
1145,5041,2856,8/13/2024,1715
1146,5038,2855,5/7/2024,1230
1147,5031,2854,5/17/2024,1745
1148,5028,2853,8/24/2024,1330
1149,5023,2852,5/4/2024,1400
1150,5022,2851,8/26/2024,1845
1151,5016,2850,6/14/2024,1645
1152,5011,2849,6/11/2024,1745
1153,4988,2848,6/13/2024,1330
1154,4985,2847,8/6/2024,1100
1155,4984,2846,7/30/2024,1115
1156,4975,2845,6/13/2024,1015
1157,4962,2844,7/8/2024,1230
1158,4961,2843,5/17/2024,1230
1159,4957,2842,5/23/2024,945
1160,4955,2841,5/8/2024,2030
1161,4951,2840,6/11/2024,1600
1162,4950,2839,6/21/2024,1230
1163,4947,2838,8/6/2024,1030
1164,4944,2837,6/3/2024,2045
1165,4923,2836,7/31/2024,1915
1166,4919,2835,8/3/2024,1615
1167,4918,2834,5/31/2024,1430
1168,4917,2833,5/31/2024,1245
1169,4900,2832,7/2/2024,1945
1170,4893,2831,7/23/2024,1515
1171,4889,2830,5/11/2024,915
1172,4883,2829,7/25/2024,1000
1173,4878,2828,7/26/2024,915
1174,4876,2827,5/23/2024,1715
1175,4870,2826,7/29/2024,1700
1176,4853,2825,5/1/2024,1500
1177,4852,2824,4/17/2024,1015
1178,4845,2823,4/8/2024,1100
1179,4842,2822,8/2/2024,1315
1180,4833,2821,7/25/2024,845
1181,4826,2820,7/2/2024,2045
1182,4818,2819,4/19/2024,2130
1183,4817,2818,5/21/2024,2130
1184,4810,2817,6/9/2024,1845
1185,4802,2816,9/3/2024,2045
1186,4797,2815,4/20/2024,2045
1187,4795,2814,9/3/2024,1815
1188,4778,2813,7/31/2024,2030
1189,4767,2812,6/8/2024,2000
1190,4765,2811,4/23/2024,945
1191,4764,2810,5/3/2024,1000
1192,4760,2809,7/13/2024,1315
1193,4754,2808,5/17/2024,1830
1194,4752,2807,8/20/2024,1845
1195,4748,2806,7/5/2024,915
1196,4745,2805,6/22/2024,1700
1197,4738,2804,7/29/2024,1400
1198,4732,2803,4/24/2024,1530
1199,4728,2802,8/1/2024,1100
1200,4726,2801,5/22/2024,1945
1201,4712,2800,5/25/2024,1445
1202,4711,2799,6/13/2024,1300
1203,4708,2798,5/15/2024,1145
1204,4705,2797,6/18/2024,1500
1205,4686,2796,8/2/2024,1700
1206,4672,2795,5/21/2024,900
1207,4669,2794,6/22/2024,1615
1208,4662,2793,5/9/2024,1515
1209,4660,2792,4/30/2024,1615
1210,4659,2791,7/17/2024,2130
1211,4653,2790,4/13/2024,2015
1212,4637,2789,7/10/2024,1415
1213,4636,2788,5/22/2024,1600
1214,4633,2787,4/11/2024,1130
1215,4632,2786,8/6/2024,1130
1216,4599,2785,8/2/2024,1545
1217,4597,2784,4/9/2024,1915
1218,4594,2783,4/21/2024,1145
1219,4575,2782,5/31/2024,1330
1220,4572,2781,5/20/2024,930
1221,4570,2780,5/10/2024,1230
1222,4564,2779,4/25/2024,2030
1223,4561,2778,7/21/2024,2145
1224,4560,2777,5/17/2024,2145
1225,4554,2776,5/11/2024,830
1226,4549,2775,6/4/2024,1400
1227,4529,2774,9/3/2024,1630
1228,4524,2773,4/17/2024,1715
1229,4521,2772,6/26/2024,1515
1230,4518,2771,7/10/2024,2015
1231,4507,2770,6/24/2024,815
1232,4502,2769,5/12/2024,1515
1233,4499,2768,8/14/2024,2030
1234,4497,2767,4/28/2024,1430
1235,4491,2766,5/27/2024,2145
1236,4486,2765,8/7/2024,1830
1237,4483,2764,4/8/2024,1300
1238,4482,2763,5/28/2024,2115
1239,4478,2762,7/7/2024,1645
1240,4471,2761,4/18/2024,1145
1241,4456,2760,4/20/2024,1130
1242,4452,2759,6/20/2024,1515
1243,4438,2758,4/23/2024,1130
1244,4436,2757,4/19/2024,1415
1245,4430,2756,5/27/2024,1530
1246,4429,2755,8/22/2024,1715
1247,4426,2754,7/5/2024,1530
1248,4417,2753,6/20/2024,1930
1249,4400,2752,5/25/2024,2045
1250,4394,2751,6/19/2024,1200
1251,4388,2750,4/25/2024,1545
1252,4378,2749,5/5/2024,915
1253,4363,2748,5/24/2024,815
1254,4362,2747,8/21/2024,830
1255,4353,2746,7/22/2024,1730
1256,4337,2745,7/6/2024,1530
1257,4333,2744,8/30/2024,2045
1258,4329,2743,5/16/2024,1445
1259,4328,2742,8/3/2024,930
1260,4327,2741,7/4/2024,930
1261,4313,2740,5/16/2024,1115
1262,4311,2739,7/11/2024,1015
1263,4306,2738,5/16/2024,1230
1264,4285,2737,7/23/2024,1130
1265,4279,2736,4/26/2024,1845
1266,4277,2735,9/3/2024,1500
1267,4269,2734,5/18/2024,1145
1268,4266,2733,7/30/2024,915
1269,4253,2732,7/22/2024,1345
1270,4249,2731,7/26/2024,900
1271,4248,2730,7/27/2024,1845
1272,4233,2729,8/23/2024,800
1273,4194,2728,6/14/2024,1515
1274,4188,2727,7/12/2024,1045
1275,4168,2726,4/16/2024,1115
1276,4165,2725,6/16/2024,1000
1277,4159,2724,5/12/2024,2015
1278,4138,2723,7/28/2024,2100
1279,4134,2722,5/2/2024,845
1280,4133,2721,6/19/2024,1615
1281,4128,2720,8/19/2024,1630
1282,4124,2719,7/31/2024,830
1283,4123,2718,7/15/2024,2115
1284,4109,2717,7/8/2024,1600
1285,4107,2716,4/29/2024,1730
1286,4102,2715,4/12/2024,2145
1287,4084,2714,4/24/2024,1100
1288,4083,2713,7/13/2024,2145
1289,4078,2712,7/18/2024,1600
1290,4075,2711,7/3/2024,1200
1291,4071,2710,5/1/2024,1715
1292,4053,2709,6/27/2024,1515
1293,4048,2708,4/16/2024,1930
1294,4043,2707,8/18/2024,1715
1295,4042,2706,7/6/2024,2015
1296,4033,2705,6/10/2024,1445
1297,4031,2704,5/30/2024,1030
1298,4030,2703,5/3/2024,1000
1299,4024,2702,7/10/2024,2130
1300,4021,2701,5/26/2024,1700
1301,4019,2700,8/30/2024,800
1302,4018,2699,7/27/2024,1715
1303,4016,2698,5/15/2024,2015
1304,4011,2697,5/9/2024,1930
1305,4010,2696,6/30/2024,1900
1306,3991,2695,7/19/2024,1715
1307,3990,2694,6/25/2024,1745
1308,3989,2693,5/18/2024,2145
1309,3985,2692,8/5/2024,1600
1310,3976,2691,4/20/2024,1530
1311,3975,2690,5/19/2024,1230
1312,3973,2689,4/12/2024,1700
1313,3952,2688,7/9/2024,2000
1314,3951,2687,7/10/2024,1815
1315,3950,2686,8/31/2024,1830
1316,3940,2685,7/27/2024,1400
1317,3933,2684,6/4/2024,915
1318,3931,2683,7/23/2024,1645
1319,3928,2682,6/15/2024,1030
1320,3926,2681,8/8/2024,1430
1321,3905,2680,8/4/2024,1700
1322,3896,2679,7/23/2024,1600
1323,3878,2678,4/21/2024,1515
1324,3872,2677,4/16/2024,1715
1325,3869,2676,6/4/2024,2130
1326,3863,2675,7/12/2024,2030
1327,3861,2674,7/20/2024,1600
1328,3860,2673,7/16/2024,2000
1329,3857,2672,7/24/2024,1400
1330,3852,2671,7/29/2024,1245
1331,3850,2670,4/14/2024,1615
1332,3849,2669,5/4/2024,1015
1333,3848,2668,8/28/2024,915
1334,3840,2667,5/6/2024,845
1335,3839,2666,4/17/2024,1730
1336,3838,2665,5/16/2024,1830
1337,3817,2664,8/4/2024,1415
1338,3809,2663,7/1/2024,1700
1339,3795,2662,4/8/2024,1730
1340,3789,2661,7/14/2024,800
1341,3782,2660,8/16/2024,2100
1342,3775,2659,6/9/2024,1030
1343,3772,2658,8/17/2024,1730
1344,3767,2657,5/23/2024,1030
1345,3764,2656,4/23/2024,800
1346,3759,2655,7/28/2024,1245
1347,3758,2654,4/23/2024,830
1348,3757,2653,6/6/2024,830
1349,3742,2652,4/14/2024,1530
1350,3739,2651,5/5/2024,1200
1351,3732,2650,8/31/2024,1215
1352,3731,2649,8/19/2024,815
1353,3729,2648,5/28/2024,1215
1354,3697,2647,5/19/2024,1415
1355,3696,2646,7/16/2024,1100
1356,3681,2645,4/27/2024,1130
1357,3676,2644,4/16/2024,1630
1358,3673,2643,5/16/2024,1915
1359,3670,2642,7/24/2024,1000
1360,3667,2641,8/6/2024,1115
1361,3664,2640,5/4/2024,900
1362,3661,2639,7/7/2024,845
1363,3660,2638,5/5/2024,2000
1364,3658,2637,5/31/2024,915
1365,3656,2636,7/11/2024,2045
1366,3650,2635,7/7/2024,1015
1367,3639,2634,4/25/2024,1145
1368,3637,2633,6/7/2024,1330
1369,3636,2632,7/5/2024,1630
1370,3633,2631,8/31/2024,1545
1371,3604,2630,7/25/2024,2030
1372,3586,2629,5/16/2024,1615
1373,3581,2628,6/29/2024,1230
1374,3576,2627,8/7/2024,1330
1375,3575,2626,6/18/2024,2115
1376,3570,2625,5/9/2024,1445
1377,3566,2624,8/6/2024,1745
1378,3563,2623,5/23/2024,1030
1379,3559,2622,6/17/2024,1830
1380,3554,2621,8/5/2024,2145
1381,3548,2620,8/24/2024,1415
1382,3546,2619,8/1/2024,1015
1383,3539,2618,8/27/2024,1445
1384,3528,2617,6/3/2024,1000
1385,3515,2616,5/23/2024,1345
1386,3514,2615,4/22/2024,1500
1387,3486,2614,5/26/2024,1430
1388,3485,2613,4/12/2024,1800
1389,3483,2612,5/27/2024,1915
1390,3481,2611,7/22/2024,1030
1391,3477,2610,5/5/2024,1830
1392,3472,2609,6/8/2024,1430
1393,3469,2608,8/30/2024,1515
1394,3455,2607,7/21/2024,845
1395,3453,2606,4/23/2024,1030
1396,3451,2605,5/12/2024,1100
1397,3448,2604,6/2/2024,2030
1398,3446,2603,8/14/2024,1115
1399,3430,2602,5/24/2024,1400
1400,3429,2601,6/30/2024,1145
1401,3425,2600,7/15/2024,1630
1402,3418,2599,6/5/2024,1915
1403,3417,2598,7/9/2024,1100
1404,3415,2597,4/26/2024,830
1405,3398,2596,7/21/2024,1345
1406,3387,2595,4/26/2024,1215
1407,3386,2594,6/6/2024,1330
1408,3371,2593,5/24/2024,2015
1409,3366,2592,8/11/2024,1900
1410,3361,2591,7/18/2024,1000
1411,3360,2590,5/18/2024,1500
1412,3355,2589,8/21/2024,845
1413,3347,2588,4/7/2024,1200
1414,3342,2587,4/17/2024,2015
1415,3338,2586,5/14/2024,900
1416,3321,2585,6/19/2024,815
1417,3320,2584,6/20/2024,1230
1418,3319,2583,7/18/2024,1400
1419,3316,2582,7/2/2024,1015
1420,3306,2581,8/20/2024,2000
1421,3305,2580,7/7/2024,1630
1422,3289,2579,5/14/2024,1745
1423,3288,2578,6/18/2024,2030
1424,3286,2577,4/21/2024,900
1425,3285,2576,6/29/2024,1145
1426,3269,2575,8/27/2024,1100
1427,3256,2574,8/10/2024,1445
1428,3253,2573,7/10/2024,1615
1429,3252,2572,7/9/2024,1630
1430,3247,2571,4/30/2024,1515
1431,3245,2570,7/7/2024,1215
1432,3242,2569,7/5/2024,830
1433,3233,2568,6/20/2024,915
1434,3223,2567,7/20/2024,2115
1435,3219,2566,4/22/2024,1600
1436,3216,2565,6/11/2024,1015
1437,3212,2564,6/15/2024,1400
1438,3211,2563,4/19/2024,1515
1439,3180,2562,8/30/2024,830
1440,3167,2561,5/17/2024,1900
1441,3148,2560,7/3/2024,1300
1442,3147,2559,6/5/2024,1145
1443,3134,2558,5/14/2024,2115
1444,3128,2557,8/19/2024,2000
1445,3126,2556,4/10/2024,1030
1446,3125,2555,4/22/2024,2000
1447,3118,2554,7/31/2024,1545
1448,3114,2553,4/17/2024,1215
1449,3108,2552,8/21/2024,1615
1450,3106,2551,6/15/2024,2000
1451,3105,2550,7/20/2024,1615
1452,3103,2549,6/17/2024,1230
1453,3095,2548,7/20/2024,800
1454,3093,2547,7/29/2024,1845
1455,3090,2546,4/6/2024,2130
1456,3077,2545,4/6/2024,1315
1457,3076,2544,8/16/2024,2000
1458,3071,2543,6/6/2024,1300
1459,3057,2542,5/2/2024,1230
1460,3054,2541,8/4/2024,800
1461,3031,2540,7/10/2024,1415
1462,3027,2539,7/10/2024,2115
1463,3021,2538,6/6/2024,1330
1464,3010,2537,8/2/2024,1915
1465,3009,2536,4/18/2024,2115
1466,3008,2535,5/19/2024,1200
1467,2991,2534,5/21/2024,2030
1468,2990,2533,5/28/2024,815
1469,2989,2532,5/25/2024,1400
1470,2973,2531,8/17/2024,1945
1471,2971,2530,7/13/2024,2100
1472,2969,2529,5/18/2024,930
1473,2968,2528,5/28/2024,1030
1474,2961,2527,4/24/2024,1845
1475,2957,2526,5/18/2024,1630
1476,2950,2525,4/11/2024,1300
1477,2944,2524,4/11/2024,1615
1478,2940,2523,4/7/2024,1545
1479,2939,2522,4/30/2024,2145
1480,2928,2521,4/16/2024,1645
1481,2918,2520,4/20/2024,1415
1482,2916,2519,5/9/2024,1100
1483,2906,2518,8/27/2024,1615
1484,2871,2517,7/14/2024,1430
1485,2869,2516,6/29/2024,1930
1486,2862,2515,8/19/2024,1400
1487,2860,2514,6/21/2024,1700
1488,2859,2513,6/9/2024,1800
1489,2856,2512,8/13/2024,1245
1490,2854,2511,8/5/2024,2100
1491,2845,2510,7/24/2024,1830
1492,2839,2509,8/26/2024,1045
1493,2834,2508,5/4/2024,1345
1494,2833,2507,5/31/2024,2115
1495,2831,2506,7/4/2024,1945
1496,2819,2505,7/20/2024,1415
1497,2818,2504,8/12/2024,1945
1498,2815,2503,7/22/2024,1830
1499,2811,2502,6/25/2024,1730
1500,2810,2501,6/1/2024,1600
1501,2804,2500,7/27/2024,1630
1502,2788,2499,4/24/2024,1245
1503,2779,2498,7/24/2024,1645
1504,2767,2497,7/13/2024,2115
1505,2763,2496,6/16/2024,1515
1506,2762,2495,8/25/2024,2130
1507,2761,2494,8/25/2024,1730
1508,2758,2493,6/17/2024,1545
1509,2757,2492,4/21/2024,1515
1510,2754,2491,6/10/2024,2145
1511,2750,2490,4/10/2024,1500
1512,2744,2489,8/20/2024,1800
1513,2743,2488,4/25/2024,1715
1514,2731,2487,7/8/2024,1215
1515,2726,2486,5/7/2024,915
1516,2724,2485,7/10/2024,1045
1517,2723,2484,5/18/2024,1600
1518,2716,2483,6/11/2024,800
1519,2713,2482,8/31/2024,1100
1520,2705,2481,8/8/2024,1345
1521,2680,2480,7/29/2024,1800
1522,2676,2479,7/28/2024,1100
1523,2673,2478,5/9/2024,1545
1524,2667,2477,4/30/2024,1345
1525,2666,2476,6/16/2024,1815
1526,2664,2475,7/15/2024,815
1527,2663,2474,8/18/2024,1915
1528,2661,2473,8/16/2024,1745
1529,2656,2472,7/3/2024,1030
1530,2653,2471,4/29/2024,1430
1531,2647,2470,8/5/2024,1430
1532,2638,2469,8/14/2024,815
1533,2634,2468,6/19/2024,1015
1534,2633,2467,6/1/2024,1015
1535,2623,2466,7/29/2024,2115
1536,2605,2465,4/29/2024,2030
1537,2604,2464,7/19/2024,1915
1538,2596,2463,8/9/2024,2000
1539,2595,2462,7/19/2024,1415
1540,2582,2461,4/27/2024,915
1541,2579,2460,4/11/2024,1300
1542,2574,2459,8/4/2024,1100
1543,2569,2458,8/17/2024,815
1544,2568,2457,7/22/2024,2015
1545,2563,2456,5/10/2024,1300
1546,2562,2455,5/27/2024,1845
1547,2555,2454,7/8/2024,1915
1548,2550,2453,4/12/2024,2130
1549,2549,2452,4/24/2024,1345
1550,2539,2451,8/14/2024,1430
1551,2534,2450,7/29/2024,845
1552,2533,2449,8/25/2024,1830
1553,2529,2448,5/4/2024,1330
1554,2517,2447,8/18/2024,1400
1555,2489,2446,5/17/2024,1800
1556,2488,2445,7/19/2024,1415
1557,2486,2444,6/22/2024,1630
1558,2460,2443,7/24/2024,1500
1559,2456,2442,8/18/2024,1145
1560,2454,2441,6/29/2024,1215
1561,2452,2440,5/13/2024,830
1562,2445,2439,8/22/2024,1845
1563,2444,2438,8/28/2024,1000
1564,2441,2437,8/5/2024,1600
1565,2432,2436,8/16/2024,900
1566,2429,2435,5/26/2024,815
1567,2418,2434,4/8/2024,2130
1568,2416,2433,8/8/2024,1530
1569,2414,2432,4/30/2024,1000
1570,2403,2431,7/6/2024,1000
1571,2397,2430,5/2/2024,1115
1572,2388,2429,6/13/2024,1745
1573,2383,2428,8/29/2024,1215
1574,2378,2427,6/18/2024,915
1575,2375,2426,8/30/2024,1200
1576,2366,2425,4/13/2024,1245
1577,2364,2424,5/28/2024,1845
1578,2361,2423,5/9/2024,1100
1579,2351,2422,8/16/2024,1430
1580,2350,2421,5/8/2024,845
1581,2347,2420,5/2/2024,1430
1582,2346,2419,8/13/2024,1530
1583,2345,2418,5/3/2024,1530
1584,2342,2417,6/10/2024,1515
1585,2332,2416,4/7/2024,1330
1586,2320,2415,5/3/2024,1245
1587,2317,2414,4/29/2024,1300
1588,2303,2413,7/11/2024,1130
1589,2301,2412,7/11/2024,1030
1590,2296,2411,7/30/2024,1200
1591,2288,2410,7/13/2024,930
1592,2271,2409,4/11/2024,1730
1593,2270,2408,4/26/2024,845
1594,2262,2407,5/10/2024,1600
1595,2259,2406,5/13/2024,1130
1596,2258,2405,6/3/2024,2000
1597,2256,2404,8/28/2024,2000
1598,2247,2403,6/6/2024,945
1599,2241,2402,4/14/2024,1015
1600,2232,2401,7/6/2024,930
1601,2227,2400,5/2/2024,845
1602,2223,2399,6/9/2024,1700
1603,2212,2398,4/17/2024,1600
1604,2207,2397,8/14/2024,1530
1605,2204,2396,8/14/2024,1900
1606,2195,2395,6/20/2024,845
1607,2183,2394,8/13/2024,1500
1608,2182,2393,4/14/2024,2145
1609,2174,2392,8/11/2024,1900
1610,2171,2391,6/25/2024,1845
1611,2160,2390,8/4/2024,800
1612,2159,2389,8/25/2024,1415
1613,2147,2388,6/28/2024,1015
1614,2146,2387,4/24/2024,915
1615,2143,2386,7/5/2024,2045
1616,2141,2385,5/27/2024,1615
1617,2138,2384,5/2/2024,1930
1618,2129,2383,6/29/2024,2030
1619,2119,2382,7/8/2024,815
1620,2116,2381,5/11/2024,1515
1621,2115,2380,8/21/2024,1115
1622,2113,2379,4/20/2024,1245
1623,2108,2378,8/29/2024,815
1624,2106,2377,6/14/2024,930
1625,2100,2376,5/20/2024,1200
1626,2095,2375,5/28/2024,2015
1627,2087,2374,8/16/2024,1715
1628,2086,2373,4/9/2024,1515
1629,2079,2372,8/24/2024,1715
1630,2076,2371,8/22/2024,1445
1631,2075,2370,6/16/2024,1730
1632,2071,2369,4/7/2024,1515
1633,2064,2368,4/28/2024,1415
1634,2058,2367,7/4/2024,1700
1635,2056,2366,8/23/2024,1215
1636,2055,2365,8/16/2024,2000
1637,2053,2364,8/1/2024,1715
1638,2052,2363,5/17/2024,2045
1639,2046,2362,7/17/2024,2100
1640,2039,2361,7/4/2024,915
1641,2037,2360,6/9/2024,1415
1642,2029,2359,4/10/2024,1000
1643,2027,2358,4/20/2024,1045
1644,2025,2357,6/5/2024,1145
1645,2021,2356,5/1/2024,1030
1646,2009,2355,6/22/2024,1100
1647,2003,2354,7/17/2024,800
1648,1986,2353,7/24/2024,1845
1649,1985,2352,7/24/2024,1500
1650,1969,2351,6/5/2024,1615
1651,1968,2350,5/7/2024,1000
1652,1960,2349,4/23/2024,1830
1653,1959,2348,4/23/2024,2000
1654,1939,2347,7/26/2024,1045
1655,1937,2346,7/3/2024,1445
1656,1932,2345,6/22/2024,830
1657,1928,2344,7/1/2024,1245
1658,1926,2343,5/1/2024,1315
1659,1925,2342,7/30/2024,1300
1660,1915,2341,7/17/2024,1345
1661,1911,2340,8/14/2024,1315
1662,1908,2339,5/18/2024,1345
1663,1907,2338,6/23/2024,845
1664,1899,2337,8/23/2024,2115
1665,1898,2336,5/26/2024,1745
1666,1888,2335,9/3/2024,1545
1667,1887,2334,7/4/2024,1500
1668,1886,2333,7/6/2024,1930
1669,1879,2332,4/9/2024,1000
1670,1856,2331,4/14/2024,1245
1671,1854,2330,5/10/2024,815
1672,1840,2329,6/13/2024,1145
1673,1839,2328,4/24/2024,1045
1674,1830,2327,4/12/2024,1030
1675,1828,2326,7/25/2024,1130
1676,1827,2325,8/15/2024,1915
1677,1826,2324,8/22/2024,2100
1678,1825,2323,6/29/2024,1630
1679,1819,2322,5/26/2024,1630
1680,1813,2321,8/22/2024,1015
1681,1788,2320,5/8/2024,2145
1682,1778,2319,9/3/2024,2100
1683,1776,2318,5/11/2024,1645
1684,1772,2317,5/4/2024,1430
1685,1771,2316,4/26/2024,1415
1686,1768,2315,4/13/2024,1830
1687,1763,2314,8/29/2024,1730
1688,1761,2313,7/19/2024,2015
1689,1755,2312,4/19/2024,1045
1690,1747,2311,9/3/2024,1900
1691,1738,2310,6/16/2024,1930
1692,1728,2309,4/25/2024,1400
1693,1726,2308,5/15/2024,1900
1694,1719,2307,7/5/2024,1800
1695,1711,2306,7/3/2024,2115
1696,1710,2305,8/31/2024,2015
1697,1706,2304,7/23/2024,1730
1698,1705,2303,7/8/2024,2145
1699,1703,2302,4/28/2024,1615
1700,1674,2301,6/1/2024,1345
1701,1663,2300,8/1/2024,1330
1702,1662,2299,6/29/2024,2115
1703,1659,2298,4/22/2024,1115
1704,1655,2297,6/30/2024,1500
1705,1653,2296,4/19/2024,1500
1706,1649,2295,5/29/2024,1330
1707,1648,2294,8/23/2024,1600
1708,1632,2293,6/30/2024,930
1709,1631,2292,4/14/2024,1530
1710,1629,2291,6/15/2024,900
1711,1619,2290,6/12/2024,2045
1712,1612,2289,6/26/2024,1300
1713,1607,2288,7/7/2024,1115
1714,1605,2287,6/2/2024,1945
1715,1602,2286,6/28/2024,1145
1716,1596,2285,7/1/2024,1000
1717,1594,2284,5/4/2024,1745
1718,1587,2283,7/11/2024,1200
1719,1586,2282,4/17/2024,1800
1720,1585,2281,6/11/2024,815
1721,1578,2280,5/20/2024,1200
1722,1561,2279,6/25/2024,1415
1723,1547,2278,7/4/2024,2015
1724,1545,2277,4/16/2024,1930
1725,1536,2276,7/15/2024,1215
1726,1529,2275,5/4/2024,800
1727,1525,2274,5/16/2024,2030
1728,1524,2273,7/2/2024,2015
1729,1523,2272,4/18/2024,1145
1730,1520,2271,4/22/2024,1930
1731,1513,2270,5/29/2024,945
1732,1512,2269,8/24/2024,815
1733,1509,2268,5/5/2024,1715
1734,1494,2267,8/28/2024,1715
1735,1493,2266,7/6/2024,815
1736,1484,2265,8/2/2024,1015
1737,1479,2264,7/28/2024,1000
1738,1474,2263,6/30/2024,1830
1739,1471,2262,8/9/2024,1530
1740,1465,2261,4/17/2024,1200
1741,1464,2260,8/9/2024,1715
1742,1460,2259,4/29/2024,1115
1743,1449,2258,4/16/2024,1245
1744,1444,2257,5/25/2024,945
1745,1435,2256,8/7/2024,2030
1746,1429,2255,7/5/2024,2015
1747,1427,2254,5/16/2024,1600
1748,1422,2253,7/15/2024,845
1749,1415,2252,5/17/2024,2000
1750,1409,2251,8/15/2024,1815
1751,1408,2250,8/20/2024,1100
1752,1406,2249,6/22/2024,1115
1753,1403,2248,8/10/2024,2045
1754,1400,2247,7/31/2024,945
1755,1395,2246,7/4/2024,1845
1756,1394,2245,4/17/2024,800
1757,1391,2244,4/20/2024,1530
1758,1387,2243,5/24/2024,1830
1759,1383,2242,4/24/2024,2000
1760,1373,2241,8/28/2024,1015
1761,1367,2240,8/3/2024,1315
1762,1359,2239,6/11/2024,2115
1763,1347,2238,8/22/2024,1630
1764,1344,2237,7/12/2024,1245
1765,1343,2236,6/26/2024,1330
1766,1342,2235,8/26/2024,1245
1767,1335,2234,9/3/2024,1145
1768,1333,2233,4/26/2024,1800
1769,1325,2232,5/24/2024,1715
1770,1323,2231,8/5/2024,2100
1771,1315,2230,5/27/2024,1400
1772,1313,2229,5/2/2024,1845
1773,1311,2228,5/11/2024,1145
1774,1310,2227,4/29/2024,1345
1775,1306,2226,6/10/2024,2000
1776,1299,2225,7/31/2024,1615
1777,1297,2224,4/23/2024,1215
1778,1294,2223,7/22/2024,945
1779,1284,2222,7/12/2024,1815
1780,1283,2221,6/30/2024,1630
1781,1274,2220,4/11/2024,815
1782,1272,2219,5/16/2024,1100
1783,1253,2218,8/26/2024,1845
1784,1242,2217,6/26/2024,1530
1785,1240,2216,7/27/2024,830
1786,1237,2215,4/18/2024,915
1787,1235,2214,7/21/2024,1300
1788,1226,2213,8/13/2024,1900
1789,1206,2212,5/12/2024,2130
1790,1203,2211,4/23/2024,1730
1791,1202,2210,7/4/2024,1130
1792,1193,2209,4/19/2024,1200
1793,1187,2208,8/19/2024,1000
1794,1174,2207,8/23/2024,1415
1795,1172,2206,8/22/2024,845
1796,1162,2205,6/15/2024,945
1797,1155,2204,5/7/2024,1200
1798,1141,2203,7/25/2024,1345
1799,1130,2202,8/17/2024,1800
1800,1128,2201,5/23/2024,1330
1801,1109,2200,7/24/2024,2015
1802,1106,2199,8/11/2024,2115
1803,1101,2198,5/30/2024,1645
1804,1099,2197,8/5/2024,1315
1805,1090,2196,8/2/2024,1600
1806,1087,2195,5/1/2024,1100
1807,1078,2194,7/22/2024,1915
1808,1076,2193,4/10/2024,1430
1809,1075,2192,5/11/2024,1530
1810,1074,2191,5/9/2024,1115
1811,1066,2190,7/6/2024,1000
1812,1062,2189,8/15/2024,1545
1813,1054,2188,8/24/2024,1300
1814,1052,2187,8/18/2024,1845
1815,1051,2186,5/9/2024,1300
1816,1049,2185,8/12/2024,1045
1817,1048,2184,7/4/2024,1545
1818,1045,2183,8/20/2024,930
1819,1043,2182,4/10/2024,1900
1820,1032,2181,7/15/2024,1230
1821,1031,2180,5/26/2024,930
1822,1029,2179,5/23/2024,2030
1823,1022,2178,5/24/2024,1245
1824,1011,2177,7/8/2024,1715
1825,1005,2176,7/30/2024,2145
1826,1001,2175,8/3/2024,1900
1827,997,2174,6/5/2024,830
1828,996,2173,4/6/2024,1530
1829,995,2172,6/26/2024,1115
1830,994,2171,4/15/2024,1245
1831,987,2170,6/19/2024,1015
1832,983,2169,7/4/2024,2100
1833,982,2168,9/3/2024,1545
1834,978,2167,7/24/2024,1415
1835,970,2166,7/9/2024,1630
1836,964,2165,6/4/2024,900
1837,957,2164,7/30/2024,1145
1838,956,2163,8/18/2024,1215
1839,955,2162,8/1/2024,1945
1840,953,2161,9/1/2024,1730
1841,950,2160,8/26/2024,1515
1842,948,2159,6/28/2024,1830
1843,945,2158,7/31/2024,1800
1844,929,2157,7/30/2024,1615
1845,927,2156,7/28/2024,2115
1846,917,2155,4/12/2024,1045
1847,916,2154,8/14/2024,845
1848,912,2153,4/9/2024,1730
1849,907,2152,5/22/2024,915
1850,895,2151,4/18/2024,1845
1851,892,2150,6/10/2024,1815
1852,888,2149,5/2/2024,830
1853,876,2148,6/6/2024,1245
1854,875,2147,7/30/2024,2130
1855,865,2146,6/2/2024,1345
1856,864,2145,7/23/2024,1400
1857,862,2144,6/13/2024,1445
1858,861,2143,8/2/2024,1445
1859,858,2142,8/7/2024,1500
1860,842,2141,4/29/2024,1700
1861,840,2140,5/25/2024,2045
1862,838,2139,7/25/2024,1915
1863,832,2138,6/15/2024,1045
1864,826,2137,6/19/2024,1715
1865,823,2136,4/15/2024,1330
1866,818,2135,4/18/2024,1245
1867,813,2134,4/6/2024,2000
1868,806,2133,5/6/2024,1730
1869,801,2132,4/28/2024,1215
1870,798,2131,5/6/2024,900
1871,778,2130,5/27/2024,1430
1872,769,2129,7/7/2024,1530
1873,756,2128,6/24/2024,1800
1874,752,2127,7/16/2024,1245
1875,748,2126,7/25/2024,1615
1876,726,2125,5/31/2024,1530
1877,722,2124,4/23/2024,1745
1878,721,2123,7/10/2024,1500
1879,716,2122,4/11/2024,1800
1880,706,2121,7/14/2024,1745
1881,704,2120,8/9/2024,1745
1882,687,2119,7/11/2024,800
1883,686,2118,7/18/2024,1245
1884,683,2117,6/21/2024,830
1885,678,2116,4/8/2024,2045
1886,676,2115,4/20/2024,2045
1887,669,2114,4/13/2024,815
1888,666,2113,5/23/2024,2015
1889,663,2112,8/9/2024,1645
1890,662,2111,6/11/2024,2000
1891,660,2110,8/30/2024,1630
1892,641,2109,4/11/2024,1800
1893,640,2108,7/25/2024,1600
1894,633,2107,8/26/2024,1830
1895,630,2106,8/23/2024,1130
1896,607,2105,5/11/2024,1745
1897,604,2104,4/30/2024,1945
1898,598,2103,7/1/2024,1445
1899,590,2102,5/11/2024,1400
1900,589,2101,4/21/2024,1330
1901,582,2100,7/30/2024,1430
1902,572,2099,5/21/2024,1345
1903,558,2098,7/12/2024,1445
1904,554,2097,5/22/2024,1830
1905,548,2096,7/16/2024,2115
1906,546,2095,6/22/2024,1045
1907,543,2094,7/12/2024,915
1908,542,2093,7/23/2024,1200
1909,532,2092,5/4/2024,1715
1910,530,2091,5/3/2024,1515
1911,524,2090,8/5/2024,1930
1912,521,2089,6/23/2024,1015
1913,518,2088,6/15/2024,900
1914,509,2087,6/7/2024,1830
1915,507,2086,4/29/2024,1500
1916,505,2085,4/19/2024,930
1917,493,2084,6/6/2024,800
1918,490,2083,7/1/2024,2100
1919,488,2082,6/14/2024,1800
1920,484,2081,4/6/2024,1530
1921,480,2080,6/14/2024,2015
1922,479,2079,8/8/2024,1330
1923,472,2078,7/24/2024,2045
1924,469,2077,4/21/2024,2115
1925,462,2076,8/30/2024,1015
1926,461,2075,6/21/2024,1400
1927,449,2074,7/31/2024,1645
1928,444,2073,9/2/2024,2000
1929,441,2072,7/30/2024,1230
1930,437,2071,8/22/2024,1330
1931,436,2070,6/15/2024,900
1932,432,2069,4/10/2024,930
1933,420,2068,6/30/2024,1815
1934,412,2067,7/25/2024,1015
1935,407,2066,9/3/2024,1500
1936,402,2065,8/3/2024,915
1937,390,2064,8/16/2024,1830
1938,380,2063,8/5/2024,1015
1939,374,2062,6/12/2024,1730
1940,365,2061,7/27/2024,1330
1941,364,2060,6/11/2024,1145
1942,345,2059,6/13/2024,830
1943,340,2058,6/20/2024,815
1944,335,2057,6/25/2024,1530
1945,331,2056,7/16/2024,1345
1946,322,2055,7/14/2024,1115
1947,312,2054,7/8/2024,945
1948,310,2053,4/28/2024,1330
1949,307,2052,9/2/2024,915
1950,301,2051,7/23/2024,1815
1951,299,2050,8/8/2024,1145
1952,298,2049,6/10/2024,800
1953,293,2048,7/18/2024,830
1954,286,2047,5/19/2024,1730
1955,279,2046,5/30/2024,2015
1956,275,2045,7/20/2024,2000
1957,271,2044,8/18/2024,1030
1958,264,2043,6/11/2024,930
1959,259,2042,5/8/2024,1545
1960,257,2041,5/22/2024,1445
1961,256,2040,7/28/2024,1600
1962,246,2039,8/26/2024,1830
1963,237,2038,7/6/2024,1830
1964,230,2037,8/10/2024,2045
1965,193,2036,7/2/2024,1945
1966,190,2035,6/22/2024,1145
1967,181,2034,5/18/2024,1715
1968,180,2033,7/31/2024,1315
1969,172,2032,6/4/2024,1000
1970,169,2031,6/25/2024,1445
1971,160,2030,6/8/2024,1515
1972,159,2029,4/20/2024,2000
1973,158,2028,6/11/2024,2015
1974,155,2027,4/19/2024,800
1975,140,2026,7/17/2024,1030
1976,139,2025,6/23/2024,1315
1977,138,2024,6/27/2024,1800
1978,128,2023,8/13/2024,1345
1979,114,2022,5/5/2024,1415
1980,106,2021,8/19/2024,1615
1981,104,2020,7/16/2024,1815
1982,103,2019,6/10/2024,1300
1983,99,2018,6/8/2024,1200
1984,98,2017,5/26/2024,1315
1985,94,2016,8/12/2024,1930
1986,92,2015,8/16/2024,1030
1987,89,2014,8/4/2024,815
1988,87,2013,6/6/2024,930
1989,82,2012,6/15/2024,1600
1990,61,2011,8/16/2024,1430
1991,45,2010,4/22/2024,2100
1992,34,2009,5/5/2024,2100
1993,29,2008,4/21/2024,2100
1994,22,2007,8/10/2024,1100
1995,19,2006,5/8/2024,830
1996,17,2005,5/18/2024,2015
1997,13,2004,5/20/2024,2145
1998,11,2003,8/28/2024,930
1999,5,2002,8/7/2024,1515
2000,2,2001,7/25/2024,1515
